time,x,xhat,dx
1316992175,1406.56,1592.1045,-0.488275
1316992475,1876.11,1605.84091375,0.2229594375
1316992775,1398.07,1595.66417953,-0.297025245469
1316993075,1349.12,1583.05479657,-0.912643131175
1316993376,1754.23,1590.74654577,-0.482423514769
1316993675,1875.61,1604.53141614,0.230941179604
1316993975,1642.83,1606.66573945,0.32611028631
1316994274,1528.45,1603.06475725,0.129755661965
1316994574,1463.01,1596.18528727,-0.220705620319
1316994875,1373.6,1584.84635256,-0.776617074437
1316995174,1414.56,1575.59424872,-1.20039141316
1316995476,1875.11,1589.42966444,-0.44860105642
1316995774,1448.02,1581.93301021,-0.801003714873
1316996074,1447.52,1574.45140617,-1.13503373112
1316996375,1452.52,1567.27655382,-1.43702466222
1316996674,1877.1,1581.4025527,-0.658873485112
1316996974,1588.39,1581.12599525,-0.639757683147
1316997275,1473.0,1575.11192569,-0.908473277073
1316997574,1876.11,1589.29877979,-0.153706908109
1316997874,1880.6,1603.71781924,0.574930409676
1316998174,1876.11,1617.88361217,1.25447353555
1316998475,1875.11,1631.93668142,1.89440332129
1316998774,1873.11,1645.7950305,2.49260060944
1316999075,1875.61,1659.65374956,3.06090653166
1316999374,1874.61,1673.30942328,3.59064489143
1316999674,1875.11,1686.81056477,4.08616972099
1316999974,1806.17,1696.66039776,4.37435288477
1317000274,1731.25,1702.54551312,4.44989100815
1317000574,1675.8,1705.43563392,4.37190249784
1317000874,1667.81,1707.70765959,4.2669086568
1317001174,1666.31,1709.69133984,4.15274723618
1317001474,1691.29,1712.71638272,4.09636201849
1317001776,1549.43,1708.4436075,3.67790515664
1317002074,1489.48,1700.98943703,3.12130137499
1317002374,1394.08,1688.60920148,2.34622452898
1317002674,1386.58,1675.73665471,1.58528596396
1317002974,1494.48,1668.17984364,1.12818111227
1317003273,1566.91,1664.18812351,0.872186050392
1317003574,1420.55,1652.83479409,0.260910276478
1317003874,1282.69,1634.57541915,-0.665103984431
1317004174,1169.3,1610.6797994,-1.82662977233
1317004474,1158.31,1586.32601115,-2.95298769641
1317004773,1087.88,1558.59837228,-4.19172025504
1317005073,1463.51,1549.86181942,-4.4189618851
1317005373,1383.09,1537.32521466,-4.82484402895
1317005673,1256.21,1518.6858521,-5.51556995553
1317005973,1223.24,1498.67376804,-6.2403956609
1317006273,1750.73,1505.34820376,-5.59465409184
1317006573,1169.3,1483.23087218,-6.42078796601
1317006873,1082.88,1457.11358001,-7.40561317655
1317007173,1137.33,1434.08906849,-8.18655809362
1317007473,1264.7,1417.84238488,-8.58956436961
1317007773,1186.28,1398.10417948,-9.14699642087
1317008075,1876.11,1413.31482391,-7.92911437852
1317008373,1610.37,1415.63492405,-7.41665365234
1317008673,1470.0,1411.30735688,-7.26219932834
1317008973,1473.5,1407.51789967,-7.08856222222
1317009273,1423.05,1401.56037058,-7.03201056584
1317009573,1315.65,1390.58444201,-7.22920646588
1317009873,1155.81,1371.97797377,-7.79806955474
1317010173,1129.34,1352.437909,-8.38516931528
1317010473,1119.85,1332.8426027,-8.9456761645
1317010773,1036.43,1309.52358021,-9.66434348084
1317011073,998.464,1284.78947489,-10.4178315727
1317011372,997.964,1260.55126116,-11.108850681
1317011673,1022.44,1238.09228995,-11.6763567072
1317011974,958.003,1212.99528658,-12.3473890403
1317012272,968.493,1189.04015266,-12.9277762841
1317012573,939.521,1164.28280756,-13.5192547251
1317012873,941.02,1140.27637519,-14.0436136072
1317013173,870.589,1113.45057351,-14.6827230111
1317013472,842.616,1085.96025797,-15.3231026374
1317013772,888.571,1061.53384757,-15.7782680257
1317014073,815.143,1034.22495057,-16.3547994746
1317014373,828.63,1008.40814354,-16.8278998523
1317014673,827.131,983.357781499,-17.2390229615
1317014972,808.15,958.220320611,-17.6339448579
1317015272,806.152,933.864656966,-17.9700307972
1317015572,797.161,909.95794486,-18.2668648627
1317015872,769.688,885.590925997,-18.5718725627
1317016172,791.666,863.251400763,-18.7602551962
1317016473,1037.43,854.138088288,-18.2779080602
1317016772,863.096,837.221971217,-18.2098185107
1317017072,854.105,820.766795071,-18.1220863925
1317017372,839.12,804.468473244,-18.0308981642
1317017674,845.613,789.396346326,-17.8829596019
1317017973,842.117,775.043567388,-17.7064505687
1317018272,1313.66,785.153260978,-16.3156433607
1317018573,1134.33,787.112236737,-15.4019124048
1317018872,1052.91,785.770308115,-14.6989132156
1317019173,1017.45,783.390325155,-14.0829667029
1317019472,975.486,779.616290529,-13.567520099
1317019773,1559.92,805.742331909,-11.5828420251
1317020072,1520.95,830.49901539,-9.76586574979
1317020372,1401.07,849.749992158,-8.31502362389
1317020672,1304.17,864.571720107,-7.15818604522
1317020971,1254.21,877.253357359,-6.16619488038
1317021271,1179.29,886.497304355,-5.39568778657
1317021573,1103.36,892.21453574,-4.84004182799
1317021871,1091.87,897.599269216,-4.32880306277
1317022173,1082.88,902.750942846,-3.85477922815
1317022472,1038.92,905.897355437,-3.5047196372
1317022771,1049.41,909.743504009,-3.1371762267
1317023072,1025.94,912.573011394,-2.83884204615
1317023372,1000.46,914.27046088,-2.61202746952
1317023671,1000.96,916.12351174,-2.38877355305
1317024271,1309.16,933.506001278,-1.40021039851
1317024571,1242.73,947.637001335,-0.623649875712
1317024871,1882.1,993.767683886,1.71406674564
1317025171,1621.35,1026.7751631,3.27873736906
1317025471,1460.01,1051.55170545,4.35362761788
1317025771,1294.17,1067.81856641,4.94928928522
1317026072,1264.7,1082.36446291,5.42911964598
1317026371,1477.5,1107.27890343,6.40338568959
1317026671,1874.61,1151.72867466,8.30570496679
1317026971,1702.78,1187.17166065,9.66256901772
1317027271,1532.44,1213.61451818,10.5015834436
1317027571,1096.37,1217.72879654,10.1822181895
1317027872,877.582,1210.394564,9.30639565265
1317028171,818.14,1199.62291167,8.30249325353
1317028471,753.703,1185.21428468,7.16693724122
1317028771,753.703,1170.44731082,6.07024168643
1317029071,732.724,1154.32787488,4.96075780517
1317029372,850.109,1143.82965105,4.18780872345
1317029671,1218.25,1151.52908679,4.36339007401
1317029971,1324.65,1164.33035302,4.78528388185
1317030270,1667.31,1194.02535506,6.0307697896
1317030571,1222.25,1201.1658186,6.08625447749
1317030871,1309.16,1212.34746943,6.34102429479
1317031171,1128.84,1214.19606903,6.11640306049
1317031472,923.038,1205.44874849,5.37321688025
1317031771,800.657,1190.3137171,4.34780446683
1317032073,789.168,1174.38684549,3.3340706629
1317032371,878.082,1162.73897035,2.58497337252
1317032670,891.568,1151.63614653,1.90058351323
1317032970,771.686,1134.44419354,0.945956688112
1317033271,700.255,1113.63339272,-0.141881187467
1317033570,653.801,1090.50698596,-1.2911074663
1317033870,676.778,1068.59398456,-2.32220216252
1317034170,646.308,1045.27359328,-3.37211161853
1317034470,673.282,1023.47050758,-4.29366032269
1317034770,654.3,1000.9330049,-5.20585244083
1317035070,634.32,977.656794831,-6.10937032197
1317035370,641.812,955.060653284,-6.93370888324
1317035670,657.297,933.585447181,-7.66078374424
1317035970,672.283,913.242580265,-8.29488790283
1317036270,673.781,893.389357744,-8.87280463374
1317036570,678.277,874.204575455,-9.38840351651
1317036870,670.285,855.089613341,-9.87473144636
1317037170,682.273,837.0677878,-10.2820861511
1317037471,692.763,820.084566566,-10.6171429052
1317037769,713.742,804.681152478,-10.8564564644
1317038070,686.769,788.471911213,-11.1240957044
1317038370,697.258,773.343324733,-11.3243202432
1317038670,703.752,759.105654266,-11.4699877544
1317038970,705.75,745.541383186,-11.5747019207
1317039270,729.227,733.729697202,-11.5865511238
1317039570,698.757,720.973838774,-11.645016489
1317039869,712.244,709.474581171,-11.6377285448
1317040170,698.757,697.882859995,-11.6354281763
1317040470,702.253,687.047710227,-11.5954142559
1317040770,691.764,676.267881173,-11.5546349958
1317041069,688.267,665.890933868,-11.4957506112
1317041370,704.251,656.887974094,-11.3711110694
1317041671,654.3,645.956019874,-11.3491532269
1317041970,670.285,636.390773314,-11.2599578936
1317042285,700.755,628.91202465,-11.0708974321
1317042570,712.244,622.561270857,-10.8348902502
1317042874,679.775,615.128811576,-10.6647687017
1317043170,703.252,609.403440731,-10.4177988089
1317043475,677.278,602.900259826,-10.2220679137
1317043771,692.263,597.657432317,-9.97310589344
1317044069,696.259,593.113060102,-9.7016692095
1317044369,710.745,589.778071348,-9.38333518673
1317044670,662.792,584.514599353,-9.17734202713
1317044969,691.764,581.15859446,-8.88627517045
1317045269,663.292,576.823303325,-8.65872596867
1317045570,684.771,573.994898488,-8.36720991206
1317045874,661.793,570.435954147,-8.1267966335
1317046169,626.328,565.510099638,-7.96674952729
1317046469,650.304,562.181382605,-7.73484790256
1317046769,671.284,560.288407968,-7.44275423932
1317047069,637.317,557.069221042,-7.23157587364
1317047370,649.805,554.83601291,-6.98165748656
1317047668,651.303,553.026787652,-6.72303587512
1317047969,634.819,550.729514188,-6.50174775456
1317048269,642.312,549.131978112,-6.25653717065
1317048569,671.284,549.295868894,-5.935515773
1317048869,637.317,548.058185465,-5.7006241558
1317049169,639.814,547.230383244,-5.45698305908
1317049469,627.826,546.076030176,-5.24185155954
1317049769,637.816,545.683269685,-4.99939700608
1317050070,644.31,545.865179045,-4.74033168778
1317050369,672.782,547.70770499,-4.41118880617
1317050668,660.794,549.171390374,-4.11744509663
1317050968,655.299,550.566198014,-3.84183245982
1317051268,625.329,550.654597276,-3.64532087371
1317051568,647.307,552.024162582,-3.39457656471
1317051868,623.83,552.389606717,-3.20657552976
1317052169,638.316,553.639679628,-2.98374310773
1317052468,655.299,555.888089694,-2.72213544903
1317052768,656.298,558.322556533,-2.46430533464
1317053068,649.805,560.555588638,-2.22943846263
1317053368,635.818,562.200742667,-2.03570883807
1317053668,623.83,563.348282137,-1.87654642264
1317053968,622.332,564.514748929,-1.72439576193
1317054268,607.346,565.018135509,-1.61300664485
1317054568,605.848,565.527272421,-1.50689946701
1317054868,626.827,567.160704306,-1.34988289939
1317055168,603.35,567.687780336,-1.25603495291
1317055468,597.855,568.002908114,-1.17747681636
1317055768,607.346,568.851459733,-1.07617539461
1317056068,604.849,569.628970121,-0.983491105454
1317056368,627.327,571.579555065,-0.836787302994
1317056668,625.828,573.497029374,-0.699074222399
1317056972,613.84,574.850057394,-0.596469110278
1317057268,631.822,577.13200887,-0.452548080987
1317057568,644.31,580.060987749,-0.283471732959
1317057871,653.301,583.453690215,-0.099663022999
1317058168,650.804,586.726525833,0.0689619090202
1317058468,661.793,590.545363355,0.256455689666
1317058768,650.804,593.801928092,0.406461142055
1317059068,669.286,597.962269772,0.59415516897
1317059370,651.803,601.218753694,0.727271606616
1317059668,683.272,606.012324036,0.930586543364
1317059967,665.789,609.88521505,1.07770176692
1317060267,662.292,613.529370976,1.20602447487
1317060569,669.785,617.487875679,1.34364848624
1317060868,695.26,622.652947957,1.53471967583
1317061168,674.78,626.717284251,1.66120050675
1317061467,690.265,631.47281052,1.81591679486
1317062067,721.235,637.686040949,2.03578247657
1317062366,711.744,643.322932254,2.21583791801
1317062668,696.259,648.074781664,2.34263849258
1317062968,711.245,653.458799148,2.49470744219
1317063267,715.241,658.917881261,2.64292617571
1317063567,731.225,665.044017065,2.81708665712
1317063869,888.571,678.896598536,3.36886139781
1317064167,916.044,693.954386937,3.95330774798
1317064467,985.477,712.286159951,4.67223101127
1317064768,1010.45,731.632971414,5.40596003386
1317065067,1063.4,753.356984875,6.22186270524
1317065368,1264.7,784.834905202,7.48466558629
1317065669,1076.89,806.548092248,8.19609165932
1317065967,1005.96,824.304974712,8.67413119955
1317066268,1117.85,847.222650616,9.38630843477
1317066567,1252.22,876.389511099,10.3753360371
1317066867,1161.3,900.491604779,11.0616739193
1317067167,1122.34,922.092614763,11.5886407226
1317067467,1038.92,938.943192712,11.8517375838
1317067769,987.475,952.628933781,11.9434377581
1317068067,970.991,964.893302962,11.9594843293
1317068367,997.964,977.908347927,12.012262361
1317068667,970.491,988.949129773,11.9636883353
1317068967,914.546,996.594477203,11.74777129
1317069267,896.064,1002.72833607,11.4670756688
1317069566,857.602,1006.36574115,11.0755921395
1317069866,871.088,1010.12366663,10.7097088062
1317070166,853.106,1012.44700666,10.2903903677
1317070466,869.59,1015.08002718,9.90752187509
1317070766,862.597,1016.8680216,9.50154550246
1317071066,854.604,1017.78128875,9.07213158471
1317071366,839.619,1017.49169931,8.60404553388
1317071666,830.128,1016.29735761,8.11412617176
1317071968,826.632,1014.52250959,7.61967746232
1317072266,780.677,1010.0689277,7.01601449469
1317072566,792.665,1005.86394508,6.45496463921
1317072868,796.661,1001.53601424,5.9158198649
1317073167,780.677,996.113092396,5.34888277965
1317073468,743.213,988.549526417,4.70326034171
1317073766,780.677,982.623997421,4.17182087481
1317074068,751.206,975.016327381,3.58284632907
1317074367,781.176,968.728015025,3.08928839479
1317074666,776.181,962.035488248,2.60019763624
1317074968,759.697,954.38875159,2.08785092153
1317075267,738.718,945.588672386,1.54345441525
1317075566,744.212,936.986120462,1.03615409825
1317075867,741.715,928.206910832,0.54538591185
1317076168,745.211,919.575231906,0.0865326699906
1317076466,750.207,911.189026348,-0.337104241451
1317076766,733.723,901.995476001,-0.779926546716
1317077067,692.763,890.792921981,-1.30105792035
1317077368,695.76,879.805270858,-1.7853875805
1317077668,700.755,869.156639114,-2.2285497887
1317077966,708.747,859.019034859,-2.62400251201
1317078267,685.77,847.863780729,-3.05056509288
1317078566,666.788,835.911954855,-3.49562813197
1317078866,702.753,825.933160387,-3.81978644878
1317079167,694.261,815.720755241,-4.13941738362
1317079466,706.749,806.339720964,-4.40149822826
1317079766,694.761,796.579361599,-4.6694412851
1317080066,701.254,787.377124299,-4.89608108589
1317080365,693.262,778.020091052,-5.11912869392
1317080665,702.753,769.39356424,-5.29449859982
1317080965,696.759,760.732062358,-5.46284876392
1317081266,698.757,752.443602915,-5.6041292979
1317081567,675.28,743.261499936,-5.78302798194
1317081865,679.276,734.568348356,-5.92853416183
1317082168,669.286,725.672123485,-6.07691869732
1317082465,679.775,717.604194548,-6.17646920928
1317082767,675.28,709.620339072,-6.26683852263
1317083066,666.289,701.500275522,-6.359499774
1317083365,659.295,693.34848696,-6.44911421337
1317083665,679.775,686.54315411,-6.46692514524
1317083966,677.278,679.936317516,-6.47392071765
1317084265,678.776,673.728076959,-6.46063670965
1317084567,660.794,666.943768237,-6.47682031027
1317084865,691.264,662.00680053,-6.39982768009
1317085165,648.806,655.266924207,-6.41683011221
1317085465,665.789,649.69703939,-6.37448284745
1317085766,651.303,643.721578716,-6.35453173881
1317086068,642.312,637.614294628,-6.34216935625
1317086367,628.825,631.149769008,-6.34828716943
1317086666,614.839,624.303357747,-6.37319337403
1317086965,607.346,617.400956154,-6.39965378496
1317087265,610.343,610.968387251,-6.40129954088
1317087567,626.328,605.655133324,-6.34689726016
1317087865,602.851,599.485374261,-6.33804035032
1317088166,607.346,593.857267215,-6.30254368509
1317088467,592.86,587.819987354,-6.28928049392
1317088766,603.35,582.621671517,-6.23473226107
1317089064,568.384,575.986792293,-6.25473960921
1317089364,575.377,570.014300049,-6.24062724092
1317089665,587.865,564.978239168,-6.18039892294
1317089965,565.887,559.152298233,-6.16267602355
1317090265,563.889,553.534591099,-6.13542757907
1317090566,539.912,547.024805344,-6.15414548787
1317090864,530.421,540.348176863,-6.18026963751
1317091164,532.919,534.105461864,-6.18339190558
1317091464,544.907,528.771316461,-6.14092958048
1317091764,532.419,523.119817536,-6.11645804768
1317092064,536.915,517.998941514,-6.0666789464
1317092365,531.42,512.906649439,-6.01795960282
1317092665,513.938,507.241155345,-6.00033632741
1317092964,506.944,501.525978067,-5.98607837495
1317093264,514.937,496.509754707,-5.93758562418
1317093564,530.921,492.589610629,-5.83671354689
1317093865,528.923,488.861402228,-5.73128828959
1317094164,517.434,484.845308241,-5.64552857444
1317094464,513.938,480.936690683,-5.55868302361
1317094766,491.459,476.182057277,-5.51848054275
1317095065,489.961,471.628447897,-5.47023698459
1317095365,508.942,468.297400367,-5.36327751187
1317095665,489.961,464.285466713,-5.29571031901
1317095965,488.462,460.463368574,-5.22202970999
1317096266,487.463,456.852421921,-5.14147555715
1317096564,484.466,453.348699045,-5.05958792306
1317096864,479.471,449.848205566,-4.98163320087
1317097164,486.464,446.946443747,-4.87763963178
1317097464,476.474,443.789063909,-4.79162664207
1317097764,476.974,440.896265404,-4.69668523524
1317098065,480.47,438.41310116,-4.58600918566
1317098363,479.971,436.134287376,-4.4706494156
1317098663,476.474,433.904156062,-4.3586235105
1317098965,460.49,431.092755924,-4.28126234188
1317099265,478.472,429.394518903,-4.15211107583
1317099566,477.973,427.878937436,-4.0202845954
1317099864,478.972,426.614320199,-3.8825012275
1317100163,459.99,424.594728023,-3.78935577493
1317100463,479.471,423.738653635,-3.64269170555
1317100763,477.473,422.964813833,-3.49924911037
1317101063,478.472,422.415886487,-3.35173302218
1317101364,479.971,422.109495791,-3.19946590584
1317101663,461.489,421.038978391,-3.09301848056
1317101964,476.974,420.897361915,-2.94544838033
1317102264,478.972,421.002917858,-2.79289816417
1317102564,476.474,421.123218709,-2.6472382134
1317102866,488.462,421.975281471,-2.47227316464
1317103164,485.965,422.826107891,-2.30611818541
1317103463,477.973,423.39264022,-2.16248565967
1317103764,479.471,424.142196833,-2.01688354607
1317104063,476.974,424.867747622,-1.87976182929
1317104663,474.976,425.587386503,-1.74979179377
1317104964,477.973,426.544364974,-1.61445328055
1317105264,477.973,427.582066109,-1.48184555978
1317105564,477.473,428.668859522,-1.35341361115
1317105863,487.463,430.322823615,-1.20304472593
1317106163,476.974,431.512489945,-1.08340917315
1317106465,486.464,433.230826733,-0.94332187508
1317106763,474.476,434.396929615,-0.837850637224
1317107062,483.967,436.079475029,-0.711830834668
1317107365,484.966,437.847561984,-0.587834945154
1317107662,477.473,439.270390687,-0.487301762752
1317107965,477.973,440.742584478,-0.389326985063
1317108264,486.964,442.683794619,-0.272800128796
1317108862,485.965,444.588694765,-0.16391511502
1317109162,507.943,447.600690668,-0.00511956414588
1317109463,507.943,450.612942548,0.145749008095
1317109762,488.462,452.643856979,0.240007279204
1317110065,504.447,455.462021045,0.368915118559
1317110362,507.444,458.411589355,0.49794777815
1317110664,504.946,461.211360277,0.613038935317
1317110963,507.444,464.105379252,0.727087937286
1317111263,506.944,466.938043829,0.832366769314
1317111563,502.449,469.504340069,0.919063242817
1317111864,508.942,472.349333146,1.01535973454
1317112162,504.946,474.943758237,1.09431300234
1317112462,507.444,477.608367677,1.17282782424
1317112762,514.437,480.563985726,1.26196733549
1317113066,486.964,482.082855409,1.27481245283
1317113363,479.471,483.163334468,1.26509578318
1317113663,486.964,484.555208739,1.27143470755
1317113962,476.474,485.359011274,1.24805309893
1317114262,477.973,486.175361154,1.226467938
1317114562,461.489,486.106187638,1.16168586527
1317115467,450.999,485.454429828,1.07101368151
1317115763,450.0,484.699171334,0.97970007274
1317116066,450.999,483.944877836,0.893000394224
1317116362,450.999,483.145934319,0.808403198647
1317116661,450.999,482.306570642,0.726014854853
1317116961,450.5,481.405956222,0.644683391111
1317117261,451.499,480.523057632,0.568304292079
1317117561,450.999,479.586743828,0.493073387268
1317117861,451.499,478.650776355,0.421621344229
1317118161,452.997,477.768627814,0.356432849982
1317118461,489.461,478.691857631,0.384772698323
1317118761,504.447,480.345148813,0.4481986225
1317119062,734.722,493.489780063,1.08302025391
1317119362,623.331,501.010710301,1.40491575312
1317119661,563.889,505.489294752,1.55859918798
1317119963,747.209,519.055949243,2.15900195313
1317120262,563.389,523.323653636,2.26443707514
1317120563,503.947,524.506036176,2.21033434837
1317120861,828.13,541.787051998,2.96386842206
1317121161,1218.75,578.450874399,4.64886612101
1317121462,889.57,598.423253494,5.41504176971
1317121762,740.716,610.6821805,5.75723603155
1317122062,685.27,619.880945705,5.92931249022
1317122361,573.879,623.213695286,5.79948434473
1317122661,544.408,624.782920649,5.58797139565
1317122962,512.439,624.474297442,5.29314166554
1317123261,507.943,623.676217153,4.98858056777
1317123562,459.99,620.231057834,4.56689357347
1317123861,451.499,616.133003837,4.13364619495
1317124164,459.99,612.252817531,3.73295456987
1317124461,508.942,610.633583496,3.46534513962
1317124762,531.42,609.964982203,3.25864781803
1317125062,1205.26,642.82544852,4.73873874298
1317125361,1427.54,686.5629779,6.68867827482
1317125662,984.977,707.837923366,7.41799163438
1317125961,712.743,715.130269251,7.41170934688
1317126264,655.299,719.179829668,7.24360190038
1317126560,528.923,716.54840999,6.74985082146
1317126861,613.84,717.825347771,6.47620516944
1317127160,1211.76,748.674475293,7.69485128709
1317127462,815.143,759.308010251,7.84178547064
1317127761,650.804,761.332505936,7.55092098133
1317128060,620.333,761.455905571,7.17954491404
1317128360,569.383,758.672827961,6.68141378783
1317128661,584.369,756.304979661,6.22895068346
1317128960,587.366,753.775533827,5.79103085759
1317129260,1043.92,773.784236451,6.50191444588
1317129560,1482.49,815.396343352,8.25742406864
1317129860,1092.87,837.114579049,8.93046465009
1317130160,822.636,844.874591515,8.87194204084
1317130460,712.743,846.696356878,8.51943320695
1317130760,1660.32,895.47100058,10.5321937317
1317131060,1465.51,933.978534597,11.930960746
1317134823,1142.32,955.730020575,12.4219870076
1317135122,1136.83,976.585907204,12.8436819886
1317135423,1179.29,998.922609733,13.3183330157
1317135724,965.996,1009.92869561,13.2027206588
1317136023,505.446,997.247145456,11.9085071181
1317136323,502.449,983.820319946,10.6417404867
1317136624,1233.73,1006.42545741,11.2399103356
1317136922,506.445,992.104349359,9.96185941623
1317137222,451.499,974.537848337,8.5854413943
1317137524,691.764,968.555325244,7.85704316997
1317138122,460.49,950.616249994,6.56723724893
1317138421,480.47,933.34781288,5.37545353083
1317138722,514.937,917.533953091,4.3159878648
1317139021,787.67,915.140943908,3.98053801241
1317139321,566.386,901.484707824,3.09869930761
1317139623,595.857,889.147086775,2.32688328978
1317139923,505.945,872.197521562,1.36306086462
1317140521,890.07,874.386053305,1.40433440855
1317140823,624.33,863.217368328,0.77568343927
1317141122,654.3,853.508399179,0.251450809852
1317141421,615.338,841.838757489,-0.34460381512
1317141721,1874.11,893.12494599,2.2369358007
1317142022,986.476,899.917587701,2.46472109622
1317142921,661.293,890.327843358,1.86199782422
1317143220,1875.11,941.335849123,4.31929822127
1317143522,660.794,931.412089977,3.60714535291
1317143821,616.837,919.110123563,2.81168976458
1317144422,1678.3,959.740722662,4.70263523126
1317144722,1750.73,1003.75769,6.66835183653
1317145021,1430.04,1031.40673974,7.71738673194
1317145321,760.696,1025.20272015,7.02131641576
1317145623,539.413,1007.58348474,5.78928882434
1317145923,1191.77,1022.29263488,6.23528189043
1317146220,853.605,1019.78177094,5.79797459849
1317146528,778.179,1013.20970826,5.17947273466
1317146820,841.617,1009.55057194,4.73754228217
1317147125,1420.05,1034.57620851,5.75194699661
1317147421,1808.17,1078.72024774,7.67155160783
1317147728,1635.84,1113.86420938,9.04517210948
1317148021,1438.03,1138.66541241,9.83297365576
1317148319,1335.13,1157.82996676,10.2995526906
1317148620,1275.19,1173.48254348,10.567203892
1317148921,1872.61,1218.47776,12.2886045235
1317149220,1593.88,1248.9220463,13.1963886122
1317149520,1323.15,1265.17001317,13.3489675249
1317149820,1874.11,1308.29853166,14.8379450732
1317150121,1407.06,1327.3326529,15.0477538814
1317150420,1875.11,1369.01688644,16.3795778644
1317150720,1874.11,1409.83214109,17.6013617037
1317151022,1875.11,1449.81732765,18.7205529467
1317151321,1875.11,1488.86648657,19.7369832452
1317151620,1789.19,1522.63279632,20.4384495707
1317151920,1591.38,1545.4866836,20.5592214559
1317152219,1476.5,1561.5686098,20.3353566933
1317152520,1732.25,1589.42126817,20.7112217771
1317152820,1417.55,1600.50336545,20.2297655522
1317153120,1228.74,1601.13347445,19.2497827247
1317153420,1112.35,1594.98159432,17.9796995817
1317153720,1063.9,1585.5082292,16.607046347
1317154020,1000.96,1572.05751177,15.1041581581
1317154320,923.537,1553.98043644,13.4450964833
1317154619,901.559,1534.13220627,11.780430151
1317154919,875.084,1512.3712046,10.1033585599
1317155220,852.107,1488.956185,8.42743965202
1317155520,1381.59,1491.59394342,8.13795559037
1317155819,1069.39,1478.21480406,7.06210084284
1317156119,930.53,1457.53955966,5.67523358057
1317156419,871.088,1433.60845358,4.19491659747
1317156720,1312.66,1431.54620167,3.88205817203
1317157019,1071.89,1417.25134685,2.97321252243
1317157318,926.534,1395.5400314,1.738986124
1317157620,871.588,1370.99446665,0.424758580188
1317157921,783.174,1342.00696397,-1.04585448289
1317158219,754.203,1311.62320401,-2.5127497566
1317158519,680.275,1277.66868154,-4.08483839224
1317158818,568.884,1238.34885099,-5.84658800011
1317159120,658.796,1203.81694984,-7.28085365759
1317159419,586.866,1166.05259138,-8.80502889805
1317159718,515.436,1125.15698435,-10.4095578042
1317160020,603.35,1089.17755522,-11.6880513706
1317160319,614.839,1054.35697866,-12.8446776302
1317160618,672.283,1023.05083598,-13.7677508828
1317160919,563.889,987.01338084,-14.8812360956
1317161219,506.944,948.872737507,-16.0442064574
1317161518,477.973,910.085754497,-17.181345285
1317161819,478.972,872.207788751,-18.2161763081
1317162119,479.971,835.290581821,-19.1512278392
1317162418,480.47,799.355886283,-19.9904012241
1317162718,479.971,764.395760806,-20.7388874368
1317163021,516.935,732.3207797,-21.3056921202
1317163321,538.414,702.385033201,-21.7371948392
1317163619,487.963,671.013596444,-22.2189069351
1317163918,486.964,640.703155034,-22.6234836588
1317164219,776.181,625.984737806,-22.2282303373
1317164517,661.293,606.633332095,-22.0843891059
1317164818,657.297,588.18634584,-21.9025189634
1317165118,559.393,565.939285533,-21.9197460306
1317165418,636.817,548.659412527,-21.6877523794
1317165718,1100.86,555.66607714,-20.2530315297
1317166017,839.12,550.59839333,-19.4937641438
1317166319,835.124,546.305597727,-18.7337157167
1317166619,836.622,543.02438791,-17.9610904217
1317166918,799.159,538.768082614,-17.2758511655
1317167217,876.583,539.246769876,-16.3881242441
1317167518,1333.14,563.37271335,-14.3624208582
1317167816,1136.33,578.376277867,-12.8941215894
1317168119,1023.94,588.405048464,-11.7479769801
1317168418,1608.87,628.26771791,-9.16744465879
1317168716,1271.7,651.730259588,-7.53594534192
1317169018,1178.29,670.899098534,-6.20070612754
1317169318,1143.32,688.629472786,-5.00415210855
1317169618,1066.4,702.764054644,-4.04721541025
1317169916,1020.94,714.827997272,-3.24165750833
1317170217,1034.93,727.753522775,-2.43329835774
1317170517,989.972,738.552813197,-1.77166891878
1317170818,1001.96,750.040087064,-1.10872177948
1317171117,975.486,760.25909702,-0.542335192691
1317171417,1163.8,779.920923736,0.46787290274
1317171717,1076.39,795.188856807,1.20787591114
1317172017,995.467,806.350246082,1.70555157935
1317172318,974.487,816.377357779,2.12162958519
1317172617,958.503,825.499187996,2.47163961678
1317172919,939.022,833.523386232,2.74926754775
1317173216,907.053,839.811671091,2.9262184133
1317173517,942.019,847.701945029,3.17442118954
1317173818,902.058,853.435447907,3.302375274
1317174117,907.053,859.253582022,3.42816321605
1317174417,880.579,863.576607976,3.47290635295
1317174716,1000.96,873.745038613,3.80768256713
1317175016,986.975,883.023835121,4.08123826418
1317175317,1510.46,918.272819716,5.63962558071
1317175617,1218.25,938.629323032,6.37546946747
1317175916,1187.28,957.118552874,6.98115748622
1317176217,1175.29,974.659224842,7.50913321032
1317176516,1123.34,989.22694015,7.86206231519
1317176817,1058.9,1000.17955234,8.01658980903
1317177116,1001.96,1007.88433504,8.00099945365
1317177417,954.007,1012.79141777,7.84630361741
1317177716,962.499,1017.73078532,7.70095681393
1317178016,908.552,1019.58775503,7.4087574586
1317178315,907.053,1020.99933686,7.10889867738
1317178616,855.604,1019.48302376,6.67763808853
1317178915,851.607,1017.43297876,6.24125393391
1317179216,855.104,1015.24572106,5.81982835218
1317179516,827.131,1011.36882194,5.33499197865
1317179816,1045.92,1018.16462322,5.40803244386
1317180116,1225.74,1033.68102288,5.91345080469
1317180416,1101.36,1042.68275,6.06786462048
1317180716,1053.41,1048.98358389,6.07951308392
1317181019,954.007,1050.01029213,5.82687284148
1317181315,916.544,1048.87250672,5.47863992906
1317181615,888.571,1046.06213932,5.06418956243
1317181915,915.045,1044.32226244,4.72398624023
1317182216,858.101,1039.49898624,4.24662311854
1317182516,816.642,1032.39042889,3.67886409514
1317182815,764.193,1022.47547834,2.99917336268
1317183115,795.163,1013.95906912,2.42339423342
1317183415,749.208,1003.02374018,1.75545807505
1317184016,787.17,993.898738344,1.21143507941
1317184315,798.659,985.287614752,0.72030714585
1317184615,754.203,974.417675803,0.140794841105
1317184916,795.163,965.588697112,-0.307693835506
1317185215,799.159,956.974903113,-0.722998843697
1317185515,994.967,958.187659056,-0.626211104369
1317185815,945.516,956.959175554,-0.656324724247
1317186115,882.577,952.616558288,-0.840639351321
1317186417,837.122,946.04322299,-1.12727414866
1317186715,1390.58,967.199151399,-0.0131140207648
1317187015,1066.9,972.171735509,0.23617088579
1317187316,977.984,972.686711075,0.250111119802
1317187615,975.486,973.064281085,0.256484064314
1317187914,877.582,968.533826892,0.0171371514394
1317188215,843.615,962.304165842,-0.29520275867
1317188515,835.623,955.689664929,-0.611167666377
1317188814,818.64,948.256572399,-0.952263909533
1317189114,825.133,941.195743065,-1.25769218076
1317189414,1131.83,949.53264834,-0.777962307968
1317189715,1021.44,952.388951731,-0.596249023049
1317190015,937.523,951.079217572,-0.631923279818
1317190615,858.601,945.854979578,-0.861539015548
1317190914,846.113,940.049418534,-1.10874011695
1317191214,845.114,934.249344496,-1.343306813
1317191515,821.137,927.317585799,-1.62272940721
1317191814,801.656,919.492913572,-1.93282654818
1317192114,1019.94,922.679082673,-1.67687676575
1317192414,1039.92,926.948095612,-1.37958228051
1317192714,1314.65,945.022587665,-0.406878563842
1317193014,1188.28,956.798923646,0.202282163406
1317193314,1096.37,963.969645519,0.550704148883
1317193614,975.486,965.068632184,0.578118274714
1317193914,969.992,965.864012936,0.588981398566
1317194214,1043.42,970.301344618,0.78139891273
1317194514,1143.82,979.719606354,1.2132420539
1317194813,1052.41,984.506705988,1.39193493288
1317195114,997.465,986.476958874,1.42085083058
1317195414,962.999,986.65286922,1.35860380632
1317195714,896.064,983.414099375,1.12873512375
1317196012,831.127,976.872042774,0.745195537507
1317196314,820.138,969.743276396,0.35149744173
1317196614,795.163,961.348185145,-0.0858319928637
1317196914,799.159,953.157185495,-0.491090375745
1317197213,784.673,944.266440363,-0.911073113543
1317197513,777.18,935.046598887,-1.32651153167
1317197813,758.199,924.944032988,-1.76531425006
1317198113,750.706,914.555082801,-2.1964960469
1317198414,748.208,904.151057416,-2.60687251379
1317198716,769.188,894.926375657,-2.93776297604
1317199016,1338.63,914.320682047,-1.82115950774
1317199314,1130.83,923.416046413,-1.27533331409
1317199616,1038.92,927.979677443,-0.983385096839
1317199914,936.524,927.472677729,-0.959565827706
1317200216,922.538,926.314356307,-0.96950360746
1317200513,860.599,922.107560064,-1.13136823921
1317200813,856.603,917.757532234,-1.29230121877
1317201113,838.121,912.548019464,-1.48816179631
1317201412,795.662,905.289964784,-1.77665644048
1317201711,782.175,897.446392927,-2.08000221134
1317202012,771.686,889.18237118,-2.38920318813
1317202312,754.203,880.163659592,-2.7206786081
1317202612,777.68,872.454831935,-2.97008606056
1317202912,746.21,863.32100858,-3.27827292525
1317203213,764.692,855.275198872,-3.51664976439
1317203512,748.208,846.581021653,-3.77552613716
1317203811,1250.22,863.17622074,-2.75698987595
1317204112,980.981,866.447319321,-2.45558545311
1317204412,904.556,866.019947174,-2.35417478777
1317204711,858.601,863.412533767,-2.36683671874
1317205011,901.059,863.046362196,-2.26680346136
1317205313,840.618,859.771480798,-2.3172073582
1317205612,746.71,851.917059768,-2.59406804179
1317205912,1702.78,891.995842139,-0.460425521109
1317206214,779.678,885.942545787,-0.740069062655
1317206513,744.712,878.177952889,-1.09129525447
1317206813,773.184,871.891524752,-1.35105189855
1317207111,674.281,860.727499211,-1.84170058069
1317207411,655.299,848.706458699,-2.35066757726
1317207713,530.421,830.559051566,-3.14050455507
1317208012,1220.75,847.08511966,-2.15717592259
1317208313,868.591,846.111096551,-2.09801828194
1317208614,1521.45,877.884924355,-0.404425977609
1317208912,1178.79,892.545973459,0.348847776447
1317209211,869.09,891.704580173,0.28933572336
1317209512,665.789,880.683670102,-0.276176566382
1317209810,643.311,868.552668859,-0.868917800221
1317210112,603.35,854.467063506,-1.52975217787
1317210411,558.394,838.210145761,-2.26611045619
1317210712,527.424,820.51803354,-3.03741054445
1317211012,451.499,799.181541846,-3.95236460194
1317211313,460.989,778.517168382,-4.78796504505
1317211610,489.961,759.54079317,-5.49738555339
1317211911,490.46,740.864237235,-6.15634407243
1317212211,876.583,741.801648505,-5.80165630534
1317212511,584.868,728.44339259,-6.17948628584
1317212811,584.868,715.394110989,-6.5229760516
1317213111,505.945,698.72482819,-7.03029138894
1317213411,533.918,683.805709961,-7.42473273094
1317213711,586.367,671.880278369,-7.64976767402
1317214010,501.45,656.09148516,-8.05671895075
1317214311,519.432,641.604627899,-8.37822586628
1317214611,536.915,628.410831931,-8.61900437136
1317214912,513.938,614.499136181,-8.88363894026
1317215211,485.465,599.607972379,-9.18401518336
1317215511,459.99,583.902259336,-9.51010007635
1317215810,519.432,571.644151297,-9.6475004745
1317216111,486.964,558.245018281,-9.83508210155
1317216411,532.919,547.635389371,-9.873809442
1317216711,459.491,533.848050932,-10.0694858918
1317217011,538.414,524.510336788,-10.0328973044
1317217311,567.885,517.14781751,-9.89937840313
1317217611,508.942,507.333117151,-9.8951445009
1317217910,548.903,500.011224018,-9.76648193252
1317218210,1111.85,521.325004981,-8.21246878774
1317218510,969.492,535.931509384,-7.07152012822
1317218811,571.381,530.986039793,-6.96521760136
1317219110,752.205,535.430031082,-6.39475715684
1317219411,779.178,541.542410229,-5.76940034165
1317219710,673.781,542.673409393,-5.42438036637
1317220010,663.791,543.576127575,-5.10802543893
1317220310,726.729,547.881147029,-4.63737319427
1317220609,634.32,547.797585143,-4.40968262886
1317220910,617.836,547.110307389,-4.22356238515
1317221209,610.843,546.284557753,-4.05367174765
1317221510,930.53,561.645841705,-3.08292396267
1317221811,649.805,563.125021856,-2.85481875703
1317222110,514.937,558.003542944,-2.96815176477
1317222408,1036.93,579.13012162,-1.76341524272
1317222710,812.146,589.105671058,-1.17646700866
1317223010,629.325,589.998993847,-1.07297751879
1317223310,619.334,590.446415512,-0.996957559607
1317223610,674.281,593.691035055,-0.784878704488
1317223912,664.79,596.500348533,-0.605169095363
1317224210,656.298,598.915320465,-0.454162043957
1317224508,656.298,601.3530005,-0.309569940011
1317224808,664.291,604.205809032,-0.151451016412
1317225109,858.601,616.781690115,0.484915588548
1317225409,656.298,619.218175419,0.582494074289
1317225710,519.932,614.807236018,0.332822400557
1317226011,652.802,617.023155498,0.42697725451
1317226308,539.912,613.573226115,0.233131922629
1317226609,515.936,608.912840135,-0.0115439724646
1317226908,1628.35,659.873731355,2.53707778713
1317227209,1227.74,690.677268685,3.95040076427
1317227510,825.133,701.152935977,4.27666409065
1317227808,1386.58,739.487120064,5.97954009048
1317228110,831.127,749.749677147,6.1936909401
1317228410,602.351,748.263749683,5.80971001988
1317228708,738.718,753.305686717,5.77132137062
1317229009,864.595,764.352907683,6.0351163504
1317229309,529.922,758.364722832,5.43395129032
1317229609,545.407,752.879090416,4.88797210501
1317229909,622.332,750.995309395,4.54938444871
1317230208,1876.11,811.572959152,7.3507977141
1317230508,838.121,819.883619023,7.39879082193
1317230809,1874.61,879.648789352,10.0171097973
1317231111,909.051,890.635154192,10.0655725494
1317231407,1027.44,907.037690405,10.3824207326
1317231708,702.253,906.66175558,9.84450295475
1317232009,511.939,896.277895608,8.83308480841
1317232308,1745.23,947.116931396,10.9333823574
1317232607,891.568,954.726198066,10.767176573
1317232908,640.813,949.259355907,9.95547563639
1317233207,1873.61,1004.93458997,12.2414635575
1317233508,984.977,1015.56610085,12.1609659237
1317233808,1129.84,1032.83271343,12.4162482568
1317234108,1089.38,1047.4555136,12.5265758526
1317234409,1454.52,1079.70898498,13.5129206289
1317234707,1354.12,1106.26681033,14.1651658649
1317235008,1188.78,1123.84937739,14.3360359244
1317235309,906.554,1126.60384265,13.7569573911
1317235608,790.167,1122.85111004,12.881472891
1317235908,869.59,1122.42545378,12.2161164337
1317236208,865.094,1121.1641917,11.5422475082
1317236508,591.861,1105.66416725,10.1901339101
1317236808,580.373,1089.0802361,8.85143065725
1317237108,644.81,1075.27558342,7.71862649034
1317237407,747.709,1066.22994942,6.88041346556
1317237708,775.682,1058.23894474,6.13684255836
1317238008,754.702,1048.89209793,5.36265809011
1317238307,710.745,1037.07926822,4.50388370006
1317238607,756.201,1027.31404433,3.79042832026
1317238907,610.343,1010.06639901,2.73852463864
1317239208,512.439,987.786627469,1.48760982951
1317239508,573.879,968.504475434,0.449121736266
1317239807,489.961,945.003967311,-0.748359756658
1317240107,460.989,920.092277177,-1.95652627555
1317240407,478.972,896.177563356,-3.0544356528
1317240706,460.989,871.516421318,-4.13477097206
1317241007,609.844,854.504767829,-4.77861509792
1317241307,563.389,835.409295095,-5.49445797975
1317241607,951.51,835.994595259,-5.19047007254
1317241907,667.787,822.653268927,-5.59801288551
1317242207,667.288,809.56689324,-5.97243102561
1317242506,984.977,812.663589103,-5.51897468114
1317242807,683.771,800.975933701,-5.8274087172
1317243106,959.002,803.341198735,-5.41777502966
1317243410,895.564,802.80545252,-5.17367358892
1317243707,686.269,792.063639984,-5.45208053625
1317244007,622.831,778.422531476,-5.86153193487
1317244306,932.528,780.559349564,-5.46161443372
1317244606,714.242,772.054948374,-5.61375377155
1317244906,688.267,762.532484872,-5.80918925805
1317245207,615.838,749.679030833,-6.16140249709
1317245506,565.887,734.636096919,-6.60547906793
1317245806,509.442,717.101186959,-7.15195061255
1317246107,618.835,705.393524529,-7.37973620342
1317246406,761.196,701.172898909,-7.22178067423
1317246705,1352.62,726.884562323,-5.57510846982
1317247007,783.174,724.402681161,-5.42044710445
1317247307,1101.36,738.101122353,-4.4645026896
1317247606,555.397,724.724638681,-4.91010173875
1317247907,614.339,714.540760095,-5.17379058111
1317248206,1259.71,736.884121038,-3.79793300489
1317248506,588.864,725.875078631,-4.15848847498
1317248806,596.357,715.448610649,-4.47188745037
1317249106,1101.36,730.495887038,-3.49592925836
1317249406,704.751,725.887509891,-3.55155165281
1317249706,518.933,712.165810326,-4.06005904841
1317250006,477.973,696.599113714,-4.6353909266
1317250306,487.463,681.738686648,-5.14664273357
1317250606,570.882,671.306541719,-5.41091784336
1317250905,911.549,678.178292682,-4.79678440305
1317251205,797.66,679.595432865,-4.48608817374
1317251506,563.889,669.548327456,-4.76413903547
1317251806,640.314,663.560679,-4.82531450652
1317252106,573.379,654.467546269,-5.03870541776
1317252405,504.946,642.204698808,-5.39991251988
1317252706,508.443,630.386696974,-5.7208169856
1317253005,544.408,620.652985989,-5.92146168558
1317253305,1023.94,635.191948088,-4.89844049633
1317253604,817.141,639.635882212,-4.43132176531
1317253905,1015.45,654.216832425,-3.48070816643
1317254205,762.694,656.334018045,-3.20081347708
1317254504,724.731,656.71309434,-3.0218189885
1317254804,944.517,668.232561584,-2.29475467688
1317255105,1874.61,726.371416562,0.726925805857
1317255405,1876.61,784.573925249,3.60070494994
1317255706,1874.11,842.471398689,6.31554337444
1317256004,1827.15,897.70509496,8.76145101928
1317256305,1690.29,945.657718681,10.7210096543
1317256605,1875.11,1002.31529192,13.0178378335
1317256904,1874.61,1058.29697326,15.1660300091
1317257205,1874.61,1113.52035311,17.1688975009
1317257504,1665.31,1157.42028808,18.5054493744
1317257805,1876.11,1210.93495058,20.2559100308
1317258104,1756.72,1257.46731758,21.5697328792
1317258404,1696.78,1299.92419794,22.6140902531
1317258704,1658.32,1339.32737378,23.4535445326
1317259004,1491.48,1369.2158724,23.7752922368
1317259304,1426.55,1394.6691064,23.8591893252
1317259605,1404.57,1417.83038094,23.8242935859
1317259904,1363.11,1437.7274408,23.6279318996
1317260204,1304.17,1453.49610407,23.2349684678
1317260505,1201.27,1462.95801891,22.5463157865
1317260803,1114.35,1466.94661796,21.6184299498
1317261105,1097.87,1469.03029551,20.64169233
1317261404,1019.94,1466.18538845,19.4673623604
1317261710,1032.93,1463.01661327,18.3355554834
1317262002,1010.45,1457.80706032,17.1583000615
1317262305,972.989,1449.86654236,15.9033591605
1317262604,934.526,1439.20770644,14.5752494067
1317262904,952.509,1428.71925806,13.3220645171
1317263204,932.528,1416.56565645,12.0482812107
1317263503,954.007,1404.88359077,10.8617638665
1317263804,867.592,1388.33768691,9.49138047992
1317264102,902.558,1373.06551402,8.25320281145
1317264404,860.599,1355.28273099,6.95140351937
1317264705,735.221,1330.88347778,5.3838706831
1317265004,1130.33,1325.97048104,4.86902731193
1317265303,1225.74,1325.58453294,4.60627854105
1317265603,1146.32,1320.9972709,4.14660151235
1317265905,1065.4,1312.1566788,3.49724183131
1317266203,1299.67,1314.8547246,3.45728202974
1317266504,1115.35,1308.16390629,2.94987701318
1317266803,1057.41,1298.42859414,2.31561755491
1317267105,912.048,1281.30940111,1.34387702567
1317267403,976.485,1267.34486423,0.578456330324
1317267703,974.987,1253.27650453,-0.153884471079
1317268003,943.018,1237.61738906,-0.929146021234
1317268303,1638.34,1256.77083089,0.0749833711716
1317268604,1185.28,1253.26752354,-0.103931164471
1317268904,1141.32,1247.57141276,-0.38354014542
1317269204,1029.43,1236.29997898,-0.927934826958
1317269503,1038.42,1225.52444195,-1.42031493735
1317269803,979.482,1211.87302066,-2.03187025488
1317270103,1002.46,1199.47209289,-2.5503231309
1317270704,1415.06,1207.82868127,-2.00497755529
1317271003,1323.15,1211.69001853,-1.71166181457
1317271302,1290.68,1214.01343888,-1.50990770635
1317271602,1199.77,1211.86685461,-1.54174153428
1317271903,1255.71,1212.59435742,-1.42827931697
1317272203,1188.78,1210.0467742,-1.48424451224
1317272503,1246.22,1210.4454032,-1.39010083646
1317272803,1773.71,1237.28803725,0.0215359076198
1317273102,1595.38,1255.2130945,0.916711974726
1317273404,1379.09,1262.27781615,1.22411245854
1317273702,1279.19,1264.28633218,1.26333263702
1317274002,1240.23,1264.28368157,1.20003347498
1317274301,1181.29,1261.2740293,0.989549187354
1317274603,1154.31,1256.86589956,0.719665241142
1317274902,1236.73,1256.54278656,0.667526329138
1317275202,1251.22,1256.91079725,0.652550546912
1317275502,1234.23,1256.3966804,0.594217177429
1317275803,1879.6,1288.1213527,2.15073993348
1317276102,1877.6,1319.638488,3.61905970189
1317276404,1843.14,1349.25167032,4.91876583263
1317276702,1633.34,1368.12891435,5.61668974224
1317277002,1521.45,1381.13082388,5.98595073202
1317277602,1391.08,1387.31493588,5.99585879549
1317277904,1344.63,1390.87675495,5.87415680879
1317278201,1356.11,1394.71886617,5.7725545294
1317278501,1320.15,1396.47434966,5.57170097766
1317278801,1344.13,1399.15024811,5.42691085106
1317279101,1244.22,1396.55930101,5.02601795367
1317279401,1254.21,1394.21655302,4.65757965626
1317279702,1275.19,1392.68992604,4.34836932458
1317280005,1339.63,1394.16788059,4.20484858617
1317280303,1330.14,1394.96109272,4.03426676322
1317280602,1370.1,1397.55059151,3.96202836451
1317280902,1485.99,1405.73648888,4.17322181482
1317281201,1876.11,1433.21972516,5.33872253808
1317281501,1875.11,1460.38602531,6.43010141883
1317281801,1873.61,1487.1558204,7.44708610199
1317282101,1875.11,1513.62826117,8.39835383575
1317282401,1874.61,1539.65578426,9.27981229822
1317282701,1874.61,1565.21931673,10.0939983068
1317283001,1831.65,1588.13014928,10.7348400192
1317283301,1757.72,1606.80773984,11.131977546
1317283600,1653.82,1619.73373152,11.2216782525
1317283902,1619.86,1630.40063928,11.1939397281
1317284202,1580.89,1638.55935006,11.0421782806
1317284501,1524.45,1643.34395192,10.7292994597
1317284800,1554.42,1649.09058881,10.4801663313
1317285101,1874.11,1670.29771739,11.0165144434
1317285400,1874.11,1690.95402024,11.4985038639
1317285701,1874.61,1711.0603979,11.9288975536
1317286000,1875.61,1730.62033068,12.310449315
1317286303,1874.61,1749.51474099,12.639647365
1317286601,1876.61,1767.87716894,12.9257863941
1317286901,1874.11,1785.46830757,13.1590540058
1317287200,1873.11,1802.35149349,13.3452606018
1317287500,1874.11,1818.61741639,13.4912937166
1317287800,1874.61,1834.2337746,13.5975469413
1317288100,1874.11,1849.14525547,13.6632436375
1317288400,1876.61,1863.49857415,13.6977473897
1317288700,1875.61,1877.11700546,13.6937815858
1317289001,1875.61,1890.0507477,13.6557796182
1317289302,1874.11,1902.22670095,13.5817882999
1317289605,1874.61,1913.74856479,13.4787920768
1317289901,1875.11,1924.62148902,13.3484986847
1317290201,1875.61,1934.85198832,13.1925987154
1317290499,1874.61,1944.37285768,13.0090122478
1317290799,1875.11,1953.26827643,12.803332573
1317291099,1876.11,1961.57352856,12.5784285505
1317291399,1876.11,1969.24985925,12.3333236577
1317291700,1876.11,1976.30952376,12.0696407004
1317292000,1873.61,1982.64070624,11.7827177893
1317292300,1875.11,1988.45775283,11.4844342292
1317292599,1875.11,1993.70057771,11.1723537616
1317292900,1855.63,1997.41078489,10.7992464329
1317293201,1874.61,2001.53002976,10.4652463546
1317293800,1875.61,2005.17601231,10.1242831643
1317294103,1874.61,2008.2657807,9.77255742561
1317294399,1875.61,2010.91692122,9.4164865803
1317294699,1875.61,2013.09723741,9.0546780608
1317295001,1875.61,2014.8248197,8.68832327213
1317295298,1876.61,2016.16798582,8.32106541471
1317295599,1875.61,2017.04509867,7.94886778662
1317295900,1875.11,2017.49976814,7.57415787047
1317296201,1875.11,2017.57572971,7.19924805545
1317296498,1874.61,2017.26672887,6.82383561105
1317296801,1875.11,2016.64153626,6.45138419984
1317297100,1858.62,2014.86927444,6.04020189868
1317297400,1697.78,2004.75300252,5.23237820784
1317297698,1471.0,1983.03611169,3.88491475602
1317297999,1460.51,1960.60047512,2.56888718991
1317298299,1342.63,1932.1423942,1.01753878412
1317298600,1313.16,1902.15993633,-0.532461048338
1317298898,1219.75,1867.53360152,-2.23715473655
1317299199,1189.78,1831.52062445,-3.92594585351
1317299498,1875.11,1829.97044466,-3.80715754999
1317299801,1637.34,1816.72212276,-4.27921576777
1317300101,1391.58,1791.39976164,-5.33137303525
1317300398,1274.19,1760.47446917,-6.61106900676
1317300699,1874.61,1759.90073016,-6.30920250718
1317301001,1610.37,1746.43045127,-6.66725632631
1317301300,1460.51,1725.8005352,-7.36538931366
1317301601,1308.16,1697.92138859,-8.39107717837
1317301899,1208.76,1665.49179584,-9.59300295689
1317302198,1131.33,1629.67035324,-10.9044249391
1317302501,1050.41,1590.34813188,-12.3253147598
1317302799,986.975,1548.47042627,-13.8029343027
1317303099,969.992,1506.43371737,-15.2146230326
1317303400,916.544,1462.48533962,-16.6513107684
1317303706,873.586,1417.22162741,-18.0819308405
1317304003,877.582,1373.06181174,-19.3858250819
1317304308,806.152,1326.29978732,-20.7546350486
1317304598,755.701,1278.05294466,-22.1292454293
1317304899,800.657,1233.16036427,-23.2674121774
1317305199,761.196,1187.45810449,-24.3891545576
1317305497,1522.45,1181.03800243,-23.4907019324
1317305798,1411.06,1170.22293548,-22.8569201837
1317306099,1295.17,1154.75621453,-22.4874102219
1317306401,1028.93,1127.10186409,-22.7457572327
1317306699,565.387,1077.40765152,-24.0931799998
1317306999,652.802,1033.28884794,-25.0944611786
1317307297,517.434,983.656367423,-26.3213621455
1317307898,801.157,949.526105014,-26.7118071587
1317308198,542.909,903.819032962,-27.6615704033
1317308498,1024.44,883.571589431,-27.2908640597
1317308798,795.163,853.224839103,-27.4436583732
1317309397,461.988,807.591521693,-28.353141325
1317309698,632.821,771.91751135,-28.7191847759
1317310297,519.932,732.035010245,-29.2773505923
1317310598,516.435,693.44152667,-29.7431572415
1317310896,519.432,656.485050957,-30.103823165
1317311196,450.999,617.612116403,-30.5422787345
1317311498,451.499,580.291295785,-30.8812058287
1317311798,624.33,553.156085458,-30.6939060536
1317312097,488.962,520.787170434,-30.7776565021
1317312396,1874.61,559.239538236,-27.3161552869
1317312697,1118.85,561.269713801,-25.8488387443
1317312996,907.053,554.002481304,-24.9197584319
1317313298,756.7,540.463586729,-24.3507152391
1317313597,1875.61,584.087727915,-20.9519724178
1317313896,1120.34,590.995967722,-19.5589618066
1317314198,993.968,592.56355562,-18.5026343214
1317314497,761.695,583.442625234,-18.0335491246
1317314796,763.693,575.323272304,-17.5378393149
1317315099,771.686,568.480461339,-17.0030878974
1317315398,670.285,557.41775477,-16.706068831
1317315696,559.893,541.670751642,-16.6581155458
1317315998,589.863,528.255154291,-16.4959896361
1317316598,1874.61,579.901706422,-13.0888625477
1317316898,1241.23,600.533701681,-11.4028196574
1317317196,979.482,608.648437922,-10.4269418624
1317317497,798.659,608.243371257,-9.92584810259
1317317796,1874.11,662.107146997,-6.73636691048
1317318096,1375.1,691.357241082,-4.93704386069
1317318396,878.082,696.00328736,-4.45788935375
1317318996,796.661,696.801178106,-4.19510034876
1317319296,855.104,700.730973869,-3.78885554316
1317319597,1876.11,755.90051241,-0.840935838971
1317319896,1269.7,780.791597742,0.445665219601
1317320196,1807.67,832.558899814,3.0117470622
1317320499,1884.1,887.997114532,5.63307044501
1317321095,658.796,881.888475728,5.04598498256
1317321397,672.782,876.226837675,4.51060383078
1317321696,1377.09,905.555069431,5.75148522702
1317321996,1083.38,919.910226925,6.18166884037
1317322297,834.125,921.493550977,5.95175160096
1317322897,835.623,922.854187449,5.72219584451
1317323195,1615.86,962.940564129,7.44040488628
1317323496,817.141,962.718970565,7.05730496374
1317323800,708.747,956.724811752,6.40473177492
1317324095,912.048,960.57546635,6.2770279161
1317324395,689.766,952.998169553,5.58431168044
1317324695,613.34,941.320357172,4.72120547735
1317324998,931.529,945.315934517,4.68492407073
1317325294,722.733,938.637465658,4.11675442426
1317325896,742.214,932.727209078,3.61540387405
1317326196,1526.45,965.847982305,5.09067234167
1317326494,902.058,967.494621914,4.91847070506
1317326797,776.681,962.626487988,4.42914047351
1317327095,752.704,956.338047039,3.89326140236
1317327396,805.652,952.502343019,3.50681313125
1317327696,649.805,940.698948343,2.74130274088
1317327994,991.471,945.841788529,2.86137961317
1317328296,1017.45,952.140509735,3.03324669281
1317328595,951.51,954.990568607,3.02408730174
1317328895,929.531,956.590473113,2.95287816197
1317329194,873.586,955.245483711,2.73798478378
1317329494,802.655,950.21704507,2.34966361254
1317329794,889.57,949.416873249,2.19217184084
1317330096,906.554,949.356292835,2.07953422811
1317330696,937.024,950.71523571,2.04350466045
1317330993,963.498,953.295703352,2.07035280953
1317331293,921.04,953.649753353,1.98453766912
1317331595,879.081,951.806626471,1.79315444157
1317332194,902.558,951.047691867,1.66554998928
1317332495,896.064,949.880779764,1.52392688464
1317332794,878.581,947.763521316,1.34186761802
1317333095,861.598,944.730019487,1.12309914569
1317333393,853.106,941.215762701,0.891231349104
1317333694,843.116,937.157444348,0.643753863977
1317333995,833.125,932.567388301,0.382063368447
1317334295,866.593,929.631629086,0.216172239273
1317334893,1876.11,977.160911259,2.58182773596
1317335193,1559.42,1008.72660205,4.03102088847
1317335493,1332.64,1028.75174179,4.83072683114
1317335794,1221.25,1042.96584519,5.29989565959
1317336095,1301.67,1060.9359538,5.93340630747
1317336394,1742.74,1100.66289211,7.62308290719
1317336693,1500.97,1127.92017626,8.60479296966
1317336993,1384.09,1148.90322077,9.22370554658
