837,"2011-09-26 00:02:23",45.8531
837,"2011-09-26 00:07:23",45.8555
837,"2011-09-26 00:12:23",45.9213
837,"2011-09-26 00:17:23",45.9871
837,"2011-09-26 00:22:24",46.0541
837,"2011-09-26 00:27:23",46.1186
837,"2011-09-26 00:32:23",46.2184
837,"2011-09-26 00:37:23",46.3169
837,"2011-09-26 00:42:23",46.3825
837,"2011-09-26 00:47:23",46.481
837,"2011-09-26 00:52:23",46.5793
837,"2011-09-26 00:57:24",46.6449
837,"2011-09-26 01:02:23",46.7105
837,"2011-09-26 01:07:23",46.8099
837,"2011-09-26 01:12:23",46.8754
837,"2011-09-26 01:17:23",46.9724
837,"2011-09-26 01:22:23",47.0378
837,"2011-09-26 01:27:23",47.1359
837,"2011-09-26 01:32:22",47.2303
837,"2011-09-26 01:37:23",47.2981
837,"2011-09-26 01:42:23",47.3597
837,"2011-09-26 01:47:22",47.4275
837,"2011-09-26 01:52:22",47.4927
837,"2011-09-26 01:57:23",47.5555
837,"2011-09-26 02:02:22",47.622
837,"2011-09-26 02:07:22",47.6884
837,"2011-09-26 02:12:23",47.721
837,"2011-09-26 02:17:22",47.7511
837,"2011-09-26 02:22:22",47.7197
837,"2011-09-26 02:27:22",47.7536
837,"2011-09-26 02:32:23",47.7523
837,"2011-09-26 02:37:22",47.7536
837,"2011-09-26 02:42:22",47.7222
837,"2011-09-26 02:47:22",47.721
837,"2011-09-26 02:52:22",47.6884
837,"2011-09-26 02:57:22",47.7222
837,"2011-09-26 03:02:23",47.721
837,"2011-09-26 03:07:22",47.721
837,"2011-09-26 03:12:22",47.6896
837,"2011-09-26 03:17:23",47.721
837,"2011-09-26 03:22:22",47.721
837,"2011-09-26 03:27:22",47.7523
837,"2011-09-26 03:32:22",47.7511
837,"2011-09-26 03:37:22",47.7511
837,"2011-09-26 03:42:22",47.7523
837,"2011-09-26 03:47:22",47.7511
837,"2011-09-26 03:52:23",47.7837
837,"2011-09-26 03:57:22",47.8163
837,"2011-09-26 04:02:22",47.8488
837,"2011-09-26 04:07:22",47.8814
837,"2011-09-26 04:12:23",47.8826
837,"2011-09-26 04:17:21",47.9477
837,"2011-09-26 04:22:21",47.9477
837,"2011-09-26 04:27:21",47.979
837,"2011-09-26 04:32:22",48.0141
837,"2011-09-26 04:37:21",48.0466
837,"2011-09-26 04:42:22",48.0791
837,"2011-09-26 04:47:21",48.1116
837,"2011-09-26 04:52:21",48.1442
837,"2011-09-26 04:57:21",48.1442
837,"2011-09-26 05:02:21",48.1767
837,"2011-09-26 05:07:21",48.2092
837,"2011-09-26 05:12:21",48.2092
837,"2011-09-26 05:17:21",48.2054
837,"2011-09-26 05:22:21",48.2392
837,"2011-09-26 05:27:22",48.2717
837,"2011-09-26 05:32:21",48.2704
837,"2011-09-26 05:37:21",48.3042
837,"2011-09-26 05:42:21",48.3691
837,"2011-09-26 05:47:21",48.4004
837,"2011-09-26 05:52:21",48.4341
837,"2011-09-26 05:57:21",48.4665
837,"2011-09-26 06:02:22",48.5003
837,"2011-09-26 06:07:21",48.5302
837,"2011-09-26 06:12:20",48.5639
837,"2011-09-26 06:17:21",48.5963
837,"2011-09-26 06:22:20",48.5976
837,"2011-09-26 06:27:21",48.5976
837,"2011-09-26 06:32:21",48.5976
837,"2011-09-26 06:37:20",48.6313
837,"2011-09-26 06:42:21",48.6612
837,"2011-09-26 06:47:20",48.6288
837,"2011-09-26 06:52:20",48.6288
837,"2011-09-26 06:57:21",48.6275
837,"2011-09-26 07:02:21",48.6587
837,"2011-09-26 07:07:20",48.6587
837,"2011-09-26 07:12:20",48.6587
837,"2011-09-26 07:17:20",48.6275
837,"2011-09-26 07:22:23",48.6587
837,"2011-09-26 07:27:20",48.6599
837,"2011-09-26 07:32:20",48.625
837,"2011-09-26 07:37:20",48.6275
837,"2011-09-26 07:42:22",48.6275
837,"2011-09-26 07:47:21",48.6587
837,"2011-09-26 07:52:20",48.6599
837,"2011-09-26 07:57:20",48.6599
837,"2011-09-26 08:02:20",48.6599
837,"2011-09-26 08:07:20",48.6587
837,"2011-09-26 08:12:21",48.6936
837,"2011-09-26 08:17:20",48.6924
837,"2011-09-26 08:22:20",48.7248
837,"2011-09-26 08:27:20",48.726
837,"2011-09-26 08:32:20",48.7248
837,"2011-09-26 08:37:19",48.7235
837,"2011-09-26 08:42:20",48.7871
837,"2011-09-26 08:47:20",48.7883
837,"2011-09-26 08:52:20",48.7559
837,"2011-09-26 08:57:20",48.7871
837,"2011-09-26 09:02:20",48.7858
837,"2011-09-26 09:07:19",48.7522
837,"2011-09-26 09:12:19",48.7197
837,"2011-09-26 09:17:20",48.721
837,"2011-09-26 09:22:19",48.6886
837,"2011-09-26 09:27:20",48.6537
837,"2011-09-26 09:32:19",48.5576
837,"2011-09-26 09:37:19",48.494
837,"2011-09-26 09:42:20",48.4266
837,"2011-09-26 09:47:19",48.3929
837,"2011-09-26 09:52:19",48.3292
837,"2011-09-26 09:57:19",48.2642
837,"2011-09-26 10:02:19",48.1967
837,"2011-09-26 10:07:19",48.2605
837,"2011-09-26 10:12:19",54.3775
837,"2011-09-26 10:17:19",63.5936
837,"2011-09-26 10:22:21",71.153
837,"2011-09-26 10:27:19",75.0675
837,"2011-09-26 10:32:19",63.4523
837,"2011-09-26 10:37:19",57.5547
837,"2011-09-26 10:42:19",54.7447
837,"2011-09-26 10:47:19",53.245
837,"2011-09-26 10:52:19",52.6168
837,"2011-09-26 10:57:19",51.9546
837,"2011-09-26 11:02:19",51.5103
837,"2011-09-26 11:07:19",51.0969
837,"2011-09-26 11:12:20",50.7798
837,"2011-09-26 11:17:19",50.4916
837,"2011-09-26 11:22:20",50.3967
837,"2011-09-26 11:27:19",50.2055
837,"2011-09-26 11:32:20",50.077
837,"2011-09-26 11:37:19",50.0141
837,"2011-09-26 11:42:19",49.8533
837,"2011-09-26 11:47:19",49.7903
837,"2011-09-26 11:52:19",49.7259
837,"2011-09-26 11:57:18",49.6628
837,"2011-09-26 12:02:18",49.5971
837,"2011-09-26 12:07:18",49.4038
837,"2011-09-26 12:12:18",49.307
837,"2011-09-26 12:17:18",49.1779
837,"2011-09-26 12:22:18",49.0513
837,"2011-09-26 12:27:18",48.9841
837,"2011-09-26 12:32:18",48.9195
837,"2011-09-26 12:37:18",48.8548
837,"2011-09-26 12:42:18",48.7254
837,"2011-09-26 12:47:18",48.6594
837,"2011-09-26 12:52:19",48.5311
837,"2011-09-26 12:57:18",48.4015
837,"2011-09-26 13:02:19",48.3367
837,"2011-09-26 13:07:18",48.1745
837,"2011-09-26 13:12:18",48.1083
837,"2011-09-26 13:17:18",48.0746
837,"2011-09-26 13:22:18",47.9447
837,"2011-09-26 13:27:20",47.8146
837,"2011-09-26 13:32:18",47.7809
837,"2011-09-26 13:37:18",47.6808
837,"2011-09-26 13:42:18",47.5844
837,"2011-09-26 13:47:18",47.3853
837,"2011-09-26 13:52:18",47.3226
837,"2011-09-26 13:57:18",47.2236
837,"2011-09-26 14:02:19",47.1583
837,"2011-09-26 14:07:18",47.0604
837,"2011-09-26 14:12:18",46.9613
837,"2011-09-26 14:17:20",46.8306
837,"2011-09-26 14:22:18",46.7325
837,"2011-09-26 14:27:17",46.6986
837,"2011-09-26 14:32:17",46.6005
837,"2011-09-26 14:37:17",46.4684
837,"2011-09-26 14:42:17",46.4368
837,"2011-09-26 14:47:17",46.4017
837,"2011-09-26 14:52:17",46.4005
837,"2011-09-26 14:57:17",46.3022
837,"2011-09-26 15:02:17",46.3022
837,"2011-09-26 15:07:19",46.2342
837,"2011-09-26 15:12:20",46.2027
837,"2011-09-26 15:17:17",46.1019
837,"2011-09-26 15:22:18",45.9707
837,"2011-09-26 15:27:17",45.8722
837,"2011-09-26 15:32:17",45.7737
837,"2011-09-26 15:37:17",45.7079
837,"2011-09-26 15:42:17",45.6751
837,"2011-09-26 15:47:18",45.6093
837,"2011-09-26 15:52:17",45.5435
837,"2011-09-26 15:57:17",45.5083
837,"2011-09-26 16:02:17",45.4777
837,"2011-09-26 16:07:18",45.4437
837,"2011-09-26 16:12:17",45.4119
837,"2011-09-26 16:17:17",45.4425
837,"2011-09-26 16:22:17",45.4437
837,"2011-09-26 16:27:17",45.4425
837,"2011-09-26 16:32:18",45.3766
837,"2011-09-26 16:37:19",45.3743
837,"2011-09-26 16:42:16",45.3743
837,"2011-09-26 16:47:17",45.3414
837,"2011-09-26 16:52:17",45.3084
837,"2011-09-26 16:57:17",45.2743
837,"2011-09-26 17:02:17",45.2402
837,"2011-09-26 17:07:16",45.1767
837,"2011-09-26 17:12:17",45.1437
837,"2011-09-26 17:17:16",45.0778
837,"2011-09-26 17:22:17",45.0107
837,"2011-09-26 17:27:16",44.9789
837,"2011-09-26 17:32:16",44.9117
837,"2011-09-26 17:37:18",44.8787
837,"2011-09-26 17:42:16",44.8457
837,"2011-09-26 17:47:16",44.7797
837,"2011-09-26 17:52:16",44.8127
837,"2011-09-26 17:57:17",44.7785
837,"2011-09-26 18:02:16",44.7785
837,"2011-09-26 18:07:16",44.7785
837,"2011-09-26 18:12:16",44.7785
837,"2011-09-26 18:17:16",44.7125
837,"2011-09-26 18:22:17",44.7113
837,"2011-09-26 18:27:16",44.6783
837,"2011-09-26 18:32:16",44.6122
837,"2011-09-26 18:37:16",44.6134
837,"2011-09-26 18:42:16",44.5803
837,"2011-09-26 18:47:16",44.5473
837,"2011-09-26 18:52:15",44.5142
837,"2011-09-26 18:57:16",44.5142
837,"2011-09-26 19:02:16",44.4823
837,"2011-09-26 19:07:15",44.4481
837,"2011-09-26 19:12:16",44.4173
837,"2011-09-26 19:17:16",44.4504
837,"2011-09-26 19:22:17",44.4516
837,"2011-09-26 19:27:15",44.4173
837,"2011-09-26 19:32:15",44.4504
837,"2011-09-26 19:37:15",44.4504
837,"2011-09-26 19:42:15",44.4162
837,"2011-09-26 19:47:15",44.4493
837,"2011-09-26 19:52:15",44.4481
837,"2011-09-26 19:57:15",44.4481
837,"2011-09-26 20:02:15",44.4139
837,"2011-09-26 20:07:16",44.3831
837,"2011-09-26 20:12:15",44.4504
837,"2011-09-26 20:17:15",44.5165
837,"2011-09-26 20:22:15",44.9459
837,"2011-09-26 20:27:15",45.0437
837,"2011-09-26 20:32:15",45.0107
837,"2011-09-26 20:37:15",45.0448
837,"2011-09-26 20:42:17",45.0778
837,"2011-09-26 20:47:15",45.079
837,"2011-09-26 20:52:15",45.179
837,"2011-09-26 20:57:16",45.2779
837,"2011-09-26 21:02:15",45.279
837,"2011-09-26 21:07:16",45.2496
837,"2011-09-26 21:12:15",45.2484
837,"2011-09-26 21:17:16",45.2496
837,"2011-09-26 21:22:15",45.252
837,"2011-09-26 21:27:15",45.2849
837,"2011-09-26 21:32:15",45.3849
837,"2011-09-26 21:37:15",45.3837
837,"2011-09-26 21:42:15",45.4519
837,"2011-09-26 21:47:14",45.4519
837,"2011-09-26 21:52:14",45.5189
837,"2011-09-26 21:57:15",45.5213
837,"2011-09-26 22:02:14",45.5213
837,"2011-09-26 22:07:14",45.5882
837,"2011-09-26 22:12:15",45.5882
837,"2011-09-26 22:17:14",45.6211
837,"2011-09-26 22:22:14",45.6211
837,"2011-09-26 22:27:14",45.6881
837,"2011-09-26 22:32:14",45.654
837,"2011-09-26 22:37:14",45.6552
837,"2011-09-26 22:42:14",45.6564
837,"2011-09-26 22:47:14",45.6564
837,"2011-09-26 22:52:14",45.6588
837,"2011-09-26 22:57:14",45.6905
837,"2011-09-26 23:02:14",45.6905
837,"2011-09-26 23:07:15",45.6916
837,"2011-09-26 23:12:14",45.7257
837,"2011-09-26 23:17:14",45.7586
837,"2011-09-26 23:22:14",45.7926
837,"2011-09-26 23:27:14",45.7586
837,"2011-09-26 23:32:14",45.7926
837,"2011-09-26 23:37:14",45.795
837,"2011-09-26 23:42:14",45.8291
837,"2011-09-26 23:47:13",45.8279
837,"2011-09-26 23:52:14",45.8595
837,"2011-09-26 23:57:14",45.8279
837,"2011-09-27 00:02:14",45.8619
837,"2011-09-27 00:07:14",45.8631
837,"2011-09-27 00:12:14",45.8631
837,"2011-09-27 00:17:13",45.8631
837,"2011-09-27 00:22:15",45.8631
837,"2011-09-27 00:27:13",45.8302
837,"2011-09-27 00:32:13",45.8314
837,"2011-09-27 00:37:14",45.7986
837,"2011-09-27 00:42:13",45.7998
837,"2011-09-27 00:47:13",45.8021
837,"2011-09-27 00:52:13",45.8009
837,"2011-09-27 00:57:13",45.8021
837,"2011-09-27 01:02:13",45.8021
837,"2011-09-27 01:07:13",45.7692
837,"2011-09-27 01:12:13",45.7716
837,"2011-09-27 01:17:13",45.7387
837,"2011-09-27 01:22:13",45.7387
837,"2011-09-27 01:27:14",45.7399
837,"2011-09-27 01:32:14",45.707
837,"2011-09-27 01:37:13",45.6741
837,"2011-09-27 01:42:13",45.6741
837,"2011-09-27 01:47:13",45.6753
837,"2011-09-27 01:52:13",45.6436
837,"2011-09-27 01:57:13",45.6095
837,"2011-09-27 02:02:15",45.579
837,"2011-09-27 02:07:13",45.546
837,"2011-09-27 02:12:13",45.579
837,"2011-09-27 02:17:14",45.546
837,"2011-09-27 02:22:13",45.5143
837,"2011-09-27 02:27:13",45.5143
837,"2011-09-27 02:32:13",45.4825
837,"2011-09-27 02:37:13",45.4167
837,"2011-09-27 02:42:13",45.4167
837,"2011-09-27 02:47:13",45.3872
837,"2011-09-27 02:52:12",45.419
837,"2011-09-27 02:57:12",45.3531
837,"2011-09-27 03:02:15",45.3543
837,"2011-09-27 03:07:12",45.3213
837,"2011-09-27 03:12:12",45.2883
837,"2011-09-27 03:17:12",45.2577
837,"2011-09-27 03:22:14",45.2236
837,"2011-09-27 03:27:12",45.2247
837,"2011-09-27 03:32:12",45.1929
837,"2011-09-27 03:37:12",45.1941
837,"2011-09-27 03:42:12",45.1293
837,"2011-09-27 03:47:13",45.1611
837,"2011-09-27 03:52:12",45.1293
837,"2011-09-27 03:57:14",45.0963
837,"2011-09-27 04:02:12",45.0974
837,"2011-09-27 04:07:12",45.0644
837,"2011-09-27 04:12:12",45.0986
837,"2011-09-27 04:17:12",45.0656
837,"2011-09-27 04:22:12",45.0998
837,"2011-09-27 04:27:12",45.1009
837,"2011-09-27 04:32:13",45.167
837,"2011-09-27 04:37:12",45.2
837,"2011-09-27 04:42:12",45.2659
837,"2011-09-27 04:47:12",45.366
837,"2011-09-27 04:52:13",45.3978
837,"2011-09-27 04:57:12",45.4649
837,"2011-09-27 05:02:12",45.5308
837,"2011-09-27 05:07:12",45.5967
837,"2011-09-27 05:12:12",45.6296
837,"2011-09-27 05:17:11",45.6978
837,"2011-09-27 05:22:11",45.7319
837,"2011-09-27 05:27:11",45.7636
837,"2011-09-27 05:32:12",45.7965
837,"2011-09-27 05:37:13",45.8306
837,"2011-09-27 05:42:11",45.8964
837,"2011-09-27 05:47:11",45.9621
837,"2011-09-27 05:52:11",45.995
837,"2011-09-27 05:57:11",46.0607
837,"2011-09-27 06:02:12",46.0947
837,"2011-09-27 06:07:11",46.1592
837,"2011-09-27 06:12:11",46.1933
837,"2011-09-27 06:17:11",46.2261
837,"2011-09-27 06:22:11",46.2929
837,"2011-09-27 06:27:11",46.2929
837,"2011-09-27 06:32:11",46.3573
837,"2011-09-27 06:37:12",46.3914
837,"2011-09-27 06:42:11",46.4241
837,"2011-09-27 06:47:14",46.4909
837,"2011-09-27 06:52:11",46.5553
837,"2011-09-27 06:57:11",46.5553
837,"2011-09-27 07:02:11",46.6208
837,"2011-09-27 07:07:11",46.6863
837,"2011-09-27 07:12:11",46.7191
837,"2011-09-27 07:17:11",46.7518
837,"2011-09-27 07:22:11",46.8197
837,"2011-09-27 07:27:11",46.8827
837,"2011-09-27 07:32:11",46.9178
837,"2011-09-27 07:37:11",46.9505
837,"2011-09-27 07:42:11",46.9832
837,"2011-09-27 07:47:11",47.0147
837,"2011-09-27 07:52:11",47.0801
837,"2011-09-27 07:57:10",47.114
837,"2011-09-27 08:02:10",47.1467
837,"2011-09-27 08:07:10",47.1793
837,"2011-09-27 08:12:10",47.212
837,"2011-09-27 08:17:10",47.2773
837,"2011-09-27 08:22:11",47.3112
837,"2011-09-27 08:27:10",47.345
837,"2011-09-27 08:32:11",47.4091
837,"2011-09-27 08:37:10",47.4417
837,"2011-09-27 08:42:11",47.4743
837,"2011-09-27 08:47:10",47.5396
837,"2011-09-27 08:52:10",47.5709
837,"2011-09-27 08:57:10",47.6035
837,"2011-09-27 09:02:11",47.6361
837,"2011-09-27 09:07:10",47.7013
837,"2011-09-27 09:12:10",47.7351
837,"2011-09-27 09:17:10",47.799
837,"2011-09-27 09:22:10",47.799
837,"2011-09-27 09:27:10",47.8315
837,"2011-09-27 09:32:10",47.8315
837,"2011-09-27 09:37:10",47.8641
837,"2011-09-27 09:42:10",47.8628
837,"2011-09-27 09:47:10",47.8628
837,"2011-09-27 09:52:11",47.8628
837,"2011-09-27 09:57:10",47.8616
837,"2011-09-27 10:02:09",47.8616
837,"2011-09-27 10:07:12",47.8628
837,"2011-09-27 10:12:11",47.8291
837,"2011-09-27 10:17:09",47.8278
837,"2011-09-27 10:22:09",47.8266
837,"2011-09-27 10:27:09",47.794
837,"2011-09-27 10:32:09",47.8254
837,"2011-09-27 10:37:10",47.8266
837,"2011-09-27 10:42:09",47.8254
837,"2011-09-27 10:47:11",47.8254
837,"2011-09-27 10:52:09",47.7916
837,"2011-09-27 10:57:10",47.7903
837,"2011-09-27 11:02:09",47.8216
837,"2011-09-27 11:07:09",47.8229
837,"2011-09-27 11:12:09",47.8204
837,"2011-09-27 11:17:09",47.848
837,"2011-09-27 11:22:10",47.8455
837,"2011-09-27 11:27:09",47.8418
837,"2011-09-27 11:32:09",47.8394
837,"2011-09-27 11:37:09",47.8381
837,"2011-09-27 11:42:09",47.8019
837,"2011-09-27 11:47:10",47.8006
837,"2011-09-27 11:52:09",47.7982
837,"2011-09-27 11:57:09",47.7644
837,"2011-09-27 12:02:09",47.7632
837,"2011-09-27 12:07:09",47.7294
837,"2011-09-27 12:12:10",47.7294
837,"2011-09-27 12:17:09",47.6944
837,"2011-09-27 12:22:09",47.6944
837,"2011-09-27 12:27:09",47.6594
837,"2011-09-27 12:32:09",47.6569
837,"2011-09-27 12:37:08",47.6256
837,"2011-09-27 12:42:09",47.6557
837,"2011-09-27 12:47:08",47.6231
837,"2011-09-27 12:52:09",47.6219
837,"2011-09-27 12:57:09",47.6207
837,"2011-09-27 13:02:08",47.5844
837,"2011-09-27 13:07:08",47.5844
837,"2011-09-27 13:12:08",47.5494
837,"2011-09-27 13:17:08",47.5482
837,"2011-09-27 13:22:08",47.5144
837,"2011-09-27 13:27:08",47.5132
837,"2011-09-27 13:32:08",47.4794
837,"2011-09-27 13:37:08",47.4468
837,"2011-09-27 13:42:08",47.4118
837,"2011-09-27 13:47:08",47.4106
837,"2011-09-27 13:52:08",47.3768
837,"2011-09-27 13:57:09",47.3429
837,"2011-09-27 14:02:08",47.2778
837,"2011-09-27 14:07:08",47.3091
837,"2011-09-27 14:12:08",47.3393
837,"2011-09-27 14:17:08",47.3405
837,"2011-09-27 14:22:08",47.3368
837,"2011-09-27 14:27:08",47.3368
837,"2011-09-27 14:32:08",47.3356
837,"2011-09-27 14:37:08",47.3006
837,"2011-09-27 14:42:08",47.3006
837,"2011-09-27 14:47:07",47.2655
837,"2011-09-27 15:45:38",46.8087
837,"2011-09-27 15:50:34",46.9151
837,"2011-09-27 15:55:37",46.9175
837,"2011-09-27 16:00:34",46.9526
837,"2011-09-27 16:05:35",46.9538
837,"2011-09-27 16:10:33",46.9526
837,"2011-09-27 16:15:33",46.9852
837,"2011-09-27 16:20:33",46.9864
837,"2011-09-27 16:25:38",46.9864
837,"2011-09-27 16:30:33",46.9526
837,"2011-09-27 16:35:33",46.984
837,"2011-09-27 16:40:33",46.9514
837,"2011-09-27 16:45:34",46.9514
837,"2011-09-27 16:50:33",46.984
837,"2011-09-27 16:55:34",46.984
837,"2011-09-27 17:00:33",47.0166
837,"2011-09-27 17:05:34",47.0142
837,"2011-09-27 17:10:33",46.9828
837,"2011-09-27 17:15:33",47.0142
837,"2011-09-27 17:20:34",47.0468
837,"2011-09-27 17:25:35",47.1107
837,"2011-09-27 17:30:46",47.0769
837,"2011-09-27 17:35:32",47.0745
837,"2011-09-27 17:40:33",47.1071
837,"2011-09-27 17:45:32",47.1083
837,"2011-09-27 17:50:34",47.1723
837,"2011-09-27 17:55:33",47.1723
837,"2011-09-27 18:00:34",47.1723
837,"2011-09-27 18:05:33",47.171
837,"2011-09-27 18:10:33",47.2362
837,"2011-09-27 18:15:32",47.2362
837,"2011-09-27 18:20:32",47.2687
837,"2011-09-27 18:25:32",47.2663
837,"2011-09-27 18:30:33",47.3025
837,"2011-09-27 18:35:32",47.3025
837,"2011-09-27 18:40:32",47.3339
837,"2011-09-27 18:45:31",47.3652
837,"2011-09-27 18:50:32",47.3977
837,"2011-09-27 18:55:31",47.4303
837,"2011-09-27 19:00:33",47.464
837,"2011-09-27 19:05:31",47.5291
837,"2011-09-27 19:10:31",47.5591
837,"2011-09-27 19:15:31",47.6241
837,"2011-09-27 19:20:32",47.6879
837,"2011-09-27 19:25:32",47.7541
837,"2011-09-27 19:30:44",47.7528
837,"2011-09-27 19:35:31",47.7528
837,"2011-09-27 19:40:31",47.7841
837,"2011-09-27 19:45:31",47.849
837,"2011-09-27 19:50:31",47.849
837,"2011-09-27 19:55:32",47.8815
837,"2011-09-27 20:00:31",47.8802
837,"2011-09-27 20:05:35",47.9127
837,"2011-09-27 20:10:32",47.9451
837,"2011-09-27 20:15:31",47.9451
837,"2011-09-27 20:20:32",47.9776
837,"2011-09-27 20:25:31",48.0112
837,"2011-09-27 20:30:31",48.0112
837,"2011-09-27 20:35:31",48.0112
837,"2011-09-27 20:40:31",48.0437
837,"2011-09-27 20:45:33",48.0748
837,"2011-09-27 20:50:32",48.0736
837,"2011-09-27 20:55:32",48.0736
837,"2011-09-27 21:00:31",48.0748
837,"2011-09-27 21:05:32",48.0723
837,"2011-09-27 21:10:33",48.1048
837,"2011-09-27 21:15:31",48.0723
837,"2011-09-27 21:20:31",48.1035
837,"2011-09-27 21:25:31",48.1372
837,"2011-09-27 21:30:31",48.1372
837,"2011-09-27 21:35:31",48.1359
837,"2011-09-27 21:40:30",48.1683
837,"2011-09-27 21:45:30",48.1683
837,"2011-09-27 21:50:30",48.202
837,"2011-09-27 21:55:30",48.202
837,"2011-09-27 22:00:32",48.2032
837,"2011-09-27 22:05:30",48.2007
837,"2011-09-27 22:10:30",48.202
837,"2011-09-27 22:15:31",48.1995
837,"2011-09-27 22:20:30",48.202
837,"2011-09-27 22:25:31",48.202
837,"2011-09-27 22:30:31",48.1995
837,"2011-09-27 22:35:30",48.202
837,"2011-09-27 22:40:30",48.1995
837,"2011-09-27 22:45:30",48.202
837,"2011-09-27 22:50:32",48.1995
837,"2011-09-27 22:55:29",48.1995
837,"2011-09-27 23:00:29",48.1995
837,"2011-09-27 23:05:30",48.2007
837,"2011-09-27 23:10:32",48.2007
837,"2011-09-27 23:15:45",48.202
837,"2011-09-27 23:20:30",48.1995
837,"2011-09-27 23:25:29",48.2007
837,"2011-09-27 23:30:29",48.202
837,"2011-09-27 23:35:30",48.202
837,"2011-09-27 23:40:30",48.2032
837,"2011-09-27 23:45:29",48.202
837,"2011-09-27 23:50:29",48.2032
837,"2011-09-27 23:55:30",48.2344
837,"2011-09-28 00:00:29",48.2344
837,"2011-09-28 00:05:29",48.2331
837,"2011-09-28 00:10:29",48.2331
837,"2011-09-28 00:15:29",48.2319
837,"2011-09-28 00:20:29",48.1995
837,"2011-09-28 00:25:29",48.2007
837,"2011-09-28 00:30:29",48.1696
837,"2011-09-28 00:35:31",48.1372
837,"2011-09-28 00:40:29",48.1372
837,"2011-09-28 00:45:28",48.1372
837,"2011-09-28 00:50:31",48.1384
837,"2011-09-28 00:55:29",48.1384
837,"2011-09-28 01:00:29",48.1384
837,"2011-09-28 01:05:28",48.1397
837,"2011-09-28 01:10:28",48.1397
837,"2011-09-28 01:15:28",48.1384
837,"2011-09-28 01:20:28",48.1073
837,"2011-09-28 01:25:28",48.1397
837,"2011-09-28 01:30:28",48.1085
837,"2011-09-28 01:35:28",48.1384
837,"2011-09-28 01:40:28",48.1397
837,"2011-09-28 01:45:29",48.1384
837,"2011-09-28 01:50:28",48.1397
837,"2011-09-28 01:55:28",48.2032
837,"2011-09-28 02:00:28",48.2032
837,"2011-09-28 02:05:28",48.2356
837,"2011-09-28 02:10:28",48.2692
837,"2011-09-28 02:15:28",48.2369
837,"2011-09-28 02:20:28",48.2692
837,"2011-09-28 02:25:28",48.2381
837,"2011-09-28 02:30:29",48.2369
837,"2011-09-28 02:35:27",48.2369
837,"2011-09-28 02:40:28",48.2705
837,"2011-09-28 02:45:27",48.2717
837,"2011-09-28 02:50:27",48.2705
837,"2011-09-28 02:55:30",48.3041
837,"2011-09-28 03:00:29",48.3041
837,"2011-09-28 03:05:27",48.334
837,"2011-09-28 03:10:27",48.3353
837,"2011-09-28 03:15:27",48.3353
837,"2011-09-28 03:20:27",48.3676
837,"2011-09-28 03:25:27",48.4012
837,"2011-09-28 03:30:27",48.4
837,"2011-09-28 03:35:29",48.4
837,"2011-09-28 03:40:27",48.4336
837,"2011-09-28 03:45:27",48.4324
837,"2011-09-28 03:50:27",48.4336
837,"2011-09-28 03:55:27",48.4324
837,"2011-09-28 04:00:27",48.466
837,"2011-09-28 04:05:27",48.466
837,"2011-09-28 04:10:28",48.4672
837,"2011-09-28 04:15:27",48.466
837,"2011-09-28 04:20:28",48.466
837,"2011-09-28 04:25:27",48.466
837,"2011-09-28 04:30:26",48.4672
837,"2011-09-28 04:35:27",48.4996
837,"2011-09-28 04:40:27",48.4996
837,"2011-09-28 04:45:26",48.4983
837,"2011-09-28 04:50:27",48.5307
837,"2011-09-28 04:55:26",48.5307
837,"2011-09-28 05:00:26",48.5307
837,"2011-09-28 05:05:27",48.563
837,"2011-09-28 05:10:26",48.5953
837,"2011-09-28 05:15:26",48.5642
837,"2011-09-28 05:20:26",48.5642
837,"2011-09-28 05:25:26",48.563
837,"2011-09-28 05:30:26",48.563
837,"2011-09-28 05:35:27",48.5642
837,"2011-09-28 05:40:30",48.5307
837,"2011-09-28 05:45:26",48.5655
837,"2011-09-28 05:50:26",48.5642
837,"2011-09-28 05:55:27",48.5332
837,"2011-09-28 06:00:25",48.5655
837,"2011-09-28 06:05:26",48.5344
837,"2011-09-28 06:10:27",48.5332
837,"2011-09-28 06:15:27",48.4983
837,"2011-09-28 06:20:26",48.5307
837,"2011-09-28 06:25:26",48.5319
837,"2011-09-28 06:30:25",48.5319
837,"2011-09-28 06:35:26",48.5642
837,"2011-09-28 06:40:27",48.5332
837,"2011-09-28 06:45:26",48.5319
837,"2011-09-28 06:50:25",48.5332
837,"2011-09-28 06:55:25",48.5332
837,"2011-09-28 07:00:25",48.5008
837,"2011-09-28 07:05:25",48.5008
837,"2011-09-28 07:10:25",48.5332
837,"2011-09-28 07:15:26",48.4697
837,"2011-09-28 07:20:27",48.5021
837,"2011-09-28 07:25:25",48.5033
837,"2011-09-28 07:30:26",48.5021
837,"2011-09-28 07:35:25",48.4685
837,"2011-09-28 07:40:26",48.4697
837,"2011-09-28 07:45:25",48.4685
837,"2011-09-28 07:50:25",48.4685
837,"2011-09-28 07:55:26",48.4685
837,"2011-09-28 08:00:29",48.4996
837,"2011-09-28 08:05:33",48.5332
837,"2011-09-28 08:10:34",48.4996
837,"2011-09-28 08:15:29",48.4996
837,"2011-09-28 08:20:26",48.5307
837,"2011-09-28 08:25:26",48.5978
837,"2011-09-28 08:30:27",48.5978
837,"2011-09-28 08:35:25",48.6302
837,"2011-09-28 08:40:27",48.66
837,"2011-09-28 08:45:28",48.7259
837,"2011-09-28 08:50:26",48.7246
837,"2011-09-28 08:55:24",48.7246
837,"2011-09-28 09:00:25",48.7582
837,"2011-09-28 09:05:27",48.7892
837,"2011-09-28 09:10:28",48.8202
837,"2011-09-28 09:15:26",48.819
837,"2011-09-28 09:20:27",48.8513
837,"2011-09-28 09:25:27",48.8823
837,"2011-09-28 09:30:25",48.9146
837,"2011-09-28 09:35:25",48.9778
837,"2011-09-28 09:40:26",48.9778
837,"2011-09-28 09:45:25",49.0423
837,"2011-09-28 09:50:28",49.0423
837,"2011-09-28 10:00:26",49.1365
837,"2011-09-28 10:05:24",49.1687
837,"2011-09-28 10:10:24",49.2332
837,"2011-09-28 10:15:26",49.2654
837,"2011-09-28 10:20:28",49.3285
837,"2011-09-28 10:25:25",49.3594
837,"2011-09-28 10:30:27",49.3916
837,"2011-09-28 10:35:24",49.456
837,"2011-09-28 10:40:25",49.456
837,"2011-09-28 10:45:25",49.4843
837,"2011-09-28 10:50:24",49.5473
837,"2011-09-28 10:55:24",49.5461
837,"2011-09-28 11:00:23",49.5769
837,"2011-09-28 11:05:25",49.5769
837,"2011-09-28 11:10:25",49.6065
837,"2011-09-28 11:15:24",49.6065
837,"2011-09-28 11:20:25",49.6039
837,"2011-09-28 11:25:23",49.6682
837,"2011-09-28 11:30:23",49.7324
837,"2011-09-28 11:35:24",49.7299
837,"2011-09-28 11:40:23",49.7607
837,"2011-09-28 11:45:23",49.7941
837,"2011-09-28 11:50:23",49.8236
837,"2011-09-28 11:55:26",49.8223
837,"2011-09-28 12:00:25",49.821
837,"2011-09-28 12:05:22",49.8197
837,"2011-09-28 12:10:23",49.8172
837,"2011-09-28 12:15:23",49.8172
837,"2011-09-28 12:20:22",49.7838
837,"2011-09-28 12:25:22",49.7183
837,"2011-09-28 12:30:22",49.717
837,"2011-09-28 12:35:23",49.6502
837,"2011-09-28 12:40:22",49.6502
837,"2011-09-28 12:45:23",49.6477
837,"2011-09-28 12:50:22",49.6143
837,"2011-09-28 12:55:22",49.6104
837,"2011-09-28 13:00:22",49.6425
837,"2011-09-28 13:05:23",49.577
837,"2011-09-28 13:10:23",49.5783
837,"2011-09-28 13:15:22",49.5115
837,"2011-09-28 13:20:22",49.4781
837,"2011-09-28 13:25:23",49.4447
837,"2011-09-28 13:30:22",49.4434
837,"2011-09-28 13:35:21",49.3778
837,"2011-09-28 13:40:21",49.3444
837,"2011-09-28 13:45:23",49.3122
837,"2011-09-28 13:50:21",49.2788
837,"2011-09-28 13:55:22",49.2466
837,"2011-09-28 14:00:21",49.1797
837,"2011-09-28 14:05:22",49.145
837,"2011-09-28 14:10:21",49.1128
837,"2011-09-28 14:15:21",49.0471
837,"2011-09-28 14:20:23",48.9815
837,"2011-09-28 14:25:22",48.8835
837,"2011-09-28 14:30:21",48.8823
837,"2011-09-28 14:35:21",48.8475
837,"2011-09-28 14:40:21",48.7831
837,"2011-09-28 14:45:21",48.7186
837,"2011-09-28 14:50:21",48.6515
837,"2011-09-28 14:55:21",48.6167
837,"2011-09-28 15:00:21",48.5845
837,"2011-09-28 15:05:21",48.4864
837,"2011-09-28 15:10:22",48.4541
837,"2011-09-28 15:15:21",48.3907
837,"2011-09-28 15:20:21",48.2602
837,"2011-09-28 15:25:20",48.2279
837,"2011-09-28 15:30:21",48.2888
837,"2011-09-28 15:35:22",48.2565
837,"2011-09-28 15:40:21",48.3186
837,"2011-09-28 15:45:22",48.3174
837,"2011-09-28 15:50:21",48.2838
837,"2011-09-28 15:55:20",48.2838
837,"2011-09-28 16:00:22",48.3136
837,"2011-09-28 16:05:20",48.28
837,"2011-09-28 16:10:20",48.2465
837,"2011-09-28 16:15:21",48.2452
837,"2011-09-28 16:20:20",48.1793
837,"2011-09-28 16:25:21",48.1793
837,"2011-09-28 16:30:20",48.1781
837,"2011-09-28 16:35:20",48.1768
837,"2011-09-28 16:40:20",48.1445
837,"2011-09-28 16:45:20",48.1109
837,"2011-09-28 16:50:20",48.1097
837,"2011-09-28 16:55:21",48.0114
837,"2011-09-28 17:00:20",48.0102
837,"2011-09-28 17:05:20",47.9778
837,"2011-09-28 17:10:19",47.9778
837,"2011-09-28 17:15:20",47.9106
837,"2011-09-28 17:20:20",47.877
837,"2011-09-28 17:25:19",47.9081
837,"2011-09-28 17:30:20",47.8757
837,"2011-09-28 17:35:19",47.8421
837,"2011-09-28 17:40:20",47.7126
837,"2011-09-28 17:45:19",47.6478
837,"2011-09-28 17:50:20",47.5842
837,"2011-09-28 17:55:19",47.4869
837,"2011-09-28 18:00:20",47.4196
837,"2011-09-28 18:05:19",47.4844
837,"2011-09-28 18:10:19",47.452
837,"2011-09-28 18:15:19",47.3871
837,"2011-09-28 18:20:21",47.3859
837,"2011-09-28 18:25:19",47.3859
837,"2011-09-28 18:30:19",47.3546
837,"2011-09-28 18:35:19",47.3197
837,"2011-09-28 18:40:20",47.3197
837,"2011-09-28 18:45:19",47.2548
837,"2011-09-28 18:50:19",47.3197
837,"2011-09-28 18:55:18",47.3185
837,"2011-09-28 19:00:19",47.286
837,"2011-09-28 19:05:19",47.286
837,"2011-09-28 19:10:19",47.3173
837,"2011-09-28 19:15:19",47.3185
837,"2011-09-28 19:20:18",47.3161
837,"2011-09-28 19:25:20",47.3173
837,"2011-09-28 19:30:18",47.2523
837,"2011-09-28 19:35:19",47.2511
837,"2011-09-28 19:40:19",47.2511
837,"2011-09-28 19:45:19",47.2499
837,"2011-09-28 19:50:18",47.2511
837,"2011-09-28 19:55:19",47.2174
837,"2011-09-28 20:00:19",47.1849
837,"2011-09-28 20:05:19",47.1837
837,"2011-09-28 20:10:21",47.1849
837,"2011-09-28 20:15:18",47.1849
837,"2011-09-28 20:20:19",47.1849
837,"2011-09-28 20:25:19",47.1849
837,"2011-09-28 20:30:18",47.12
837,"2011-09-28 20:35:19",47.055
837,"2011-09-28 20:40:18",46.9912
837,"2011-09-28 20:45:18",47.0899
837,"2011-09-28 20:50:17",47.2511
837,"2011-09-28 20:55:18",47.381
837,"2011-09-28 21:00:18",47.3797
837,"2011-09-28 21:05:18",47.4134
837,"2011-09-28 21:10:18",47.3797
837,"2011-09-28 21:15:18",47.3797
837,"2011-09-28 21:20:17",47.3785
837,"2011-09-28 21:25:18",47.3785
837,"2011-09-28 21:30:18",47.3773
837,"2011-09-28 21:35:17",47.3461
837,"2011-09-28 21:40:19",47.3785
837,"2011-09-28 21:45:18",47.3161
837,"2011-09-28 21:50:18",47.4146
837,"2011-09-28 21:55:18",47.4146
837,"2011-09-28 22:00:17",47.286
837,"2011-09-28 22:05:17",47.1574
837,"2011-09-28 22:10:18",47.0274
837,"2011-09-28 22:15:17",46.9948
837,"2011-09-28 22:20:17",46.931
837,"2011-09-28 22:25:18",46.8334
837,"2011-09-28 22:30:17",46.8021
837,"2011-09-28 22:35:17",46.8045
837,"2011-09-28 22:40:17",46.9034
837,"2011-09-28 22:45:16",46.9371
837,"2011-09-28 22:50:17",46.872
837,"2011-09-28 22:55:17",46.8419
837,"2011-09-28 23:00:17",46.8081
837,"2011-09-28 23:05:16",46.7792
837,"2011-09-28 23:10:18",46.7467
837,"2011-09-28 23:15:16",46.8456
837,"2011-09-28 23:20:17",46.8468
837,"2011-09-28 23:25:16",46.9456
837,"2011-09-28 23:30:16",47.1395
837,"2011-09-28 23:35:17",47.077
837,"2011-09-28 23:40:18",46.9493
837,"2011-09-28 23:45:16",46.8854
837,"2011-09-28 23:50:16",47.0806
837,"2011-09-28 23:55:16",47.1469
837,"2011-09-29 00:00:16",47.1469
837,"2011-09-29 00:05:16",47.1144
837,"2011-09-29 00:10:16",47.0819
837,"2011-09-29 00:15:15",47.0819
837,"2011-09-29 00:20:16",47.0481
837,"2011-09-29 00:25:16",47.0156
837,"2011-09-29 00:30:16",47.0156
837,"2011-09-29 00:35:17",46.9843
837,"2011-09-29 00:40:16",47.018
837,"2011-09-29 00:45:16",47.0217
837,"2011-09-29 00:50:15",46.9554
837,"2011-09-29 00:55:17",46.9879
837,"2011-09-29 01:00:16",47.0217
837,"2011-09-29 01:05:16",46.9554
837,"2011-09-29 01:10:17",46.9891
837,"2011-09-29 01:15:16",46.9879
837,"2011-09-29 01:20:15",47.0205
837,"2011-09-29 01:25:16",46.9891
837,"2011-09-29 01:30:15",46.9879
837,"2011-09-29 01:35:15",47.0205
837,"2011-09-29 01:40:15",47.0518
837,"2011-09-29 01:45:15",47.0205
837,"2011-09-29 01:50:15",47.0205
837,"2011-09-29 01:55:15",47.0205
837,"2011-09-29 02:00:15",47.0205
837,"2011-09-29 02:05:15",46.9566
837,"2011-09-29 02:10:15",46.9566
837,"2011-09-29 02:15:16",46.9891
837,"2011-09-29 02:20:15",46.9891
837,"2011-09-29 02:25:16",46.9891
837,"2011-09-29 02:30:17",46.9916
837,"2011-09-29 02:35:16",46.9265
837,"2011-09-29 02:40:15",46.8939
837,"2011-09-29 02:45:15",46.8927
837,"2011-09-29 02:50:15",46.8939
837,"2011-09-29 02:55:15",46.8288
837,"2011-09-29 03:00:15",46.8276
837,"2011-09-29 03:05:17",46.7962
837,"2011-09-29 03:10:14",46.83
837,"2011-09-29 03:15:15",46.7974
837,"2011-09-29 03:20:15",46.7974
837,"2011-09-29 03:25:14",46.7649
837,"2011-09-29 03:30:15",46.7661
837,"2011-09-29 03:35:14",46.7649
837,"2011-09-29 03:40:14",46.7009
837,"2011-09-29 03:45:14",46.7009
837,"2011-09-29 03:50:14",46.6369
837,"2011-09-29 03:55:15",46.6369
837,"2011-09-29 04:00:14",46.5729
837,"2011-09-29 04:05:14",46.5427
837,"2011-09-29 04:10:14",46.5415
837,"2011-09-29 04:15:13",46.4762
837,"2011-09-29 04:20:17",46.4786
837,"2011-09-29 04:25:14",46.4786
837,"2011-09-29 04:30:14",46.5113
837,"2011-09-29 04:35:16",46.4448
837,"2011-09-29 04:40:15",46.4472
837,"2011-09-29 04:45:13",46.446
837,"2011-09-29 04:50:14",46.446
837,"2011-09-29 04:55:14",46.4786
837,"2011-09-29 05:00:14",46.4798
837,"2011-09-29 05:05:13",46.5125
837,"2011-09-29 05:10:13",46.4823
837,"2011-09-29 05:15:13",46.4823
837,"2011-09-29 05:20:13",46.4496
837,"2011-09-29 05:25:14",46.4496
837,"2011-09-29 05:30:13",46.4182
837,"2011-09-29 05:35:14",46.4182
837,"2011-09-29 05:40:13",46.4194
837,"2011-09-29 05:45:13",46.4194
837,"2011-09-29 05:50:13",46.4194
837,"2011-09-29 05:55:13",46.3879
837,"2011-09-29 06:00:13",46.3867
837,"2011-09-29 06:05:14",46.3891
837,"2011-09-29 06:10:13",46.3226
837,"2011-09-29 06:15:13",46.3238
837,"2011-09-29 06:20:13",46.325
837,"2011-09-29 06:25:13",46.325
837,"2011-09-29 06:30:13",46.3903
837,"2011-09-29 06:35:13",46.325
837,"2011-09-29 06:40:15",46.3238
837,"2011-09-29 06:45:13",46.2923
837,"2011-09-29 06:50:13",46.2935
837,"2011-09-29 06:55:13",46.3274
837,"2011-09-29 07:00:13",46.2947
837,"2011-09-29 07:05:13",46.3286
837,"2011-09-29 07:10:12",46.3286
837,"2011-09-29 07:15:12",46.3286
837,"2011-09-29 07:20:14",46.3613
837,"2011-09-29 07:25:12",46.3286
837,"2011-09-29 07:30:13",46.3637
837,"2011-09-29 07:35:12",46.3963
837,"2011-09-29 07:40:14",46.3322
837,"2011-09-29 07:45:13",46.4
837,"2011-09-29 07:50:14",46.3286
837,"2011-09-29 07:55:16",46.3286
837,"2011-09-29 08:00:13",46.3963
837,"2011-09-29 08:05:14",46.4
837,"2011-09-29 08:10:14",46.4641
837,"2011-09-29 08:15:13",46.4677
837,"2011-09-29 08:20:12",46.5016
837,"2011-09-29 08:25:15",46.5318
837,"2011-09-29 08:30:14",46.5971
837,"2011-09-29 08:35:14",46.6297
837,"2011-09-29 08:40:17",46.6611
837,"2011-09-29 08:45:13",46.7288
837,"2011-09-29 08:50:12",46.7952
837,"2011-09-29 08:55:12",46.8592
837,"2011-09-29 09:00:12",46.8918
837,"2011-09-29 09:05:12",46.9557
837,"2011-09-29 09:10:12",47.0221
837,"2011-09-29 09:15:11",47.0534
837,"2011-09-29 09:20:11",47.1197
837,"2011-09-29 09:25:12",47.1848
837,"2011-09-29 09:30:12",47.2173
837,"2011-09-29 09:35:13",47.2836
837,"2011-09-29 09:40:12",47.3137
837,"2011-09-29 09:45:12",47.3787
837,"2011-09-29 09:50:11",47.4099
837,"2011-09-29 09:55:11",47.44
837,"2011-09-29 10:00:12",47.5037
837,"2011-09-29 10:05:12",47.5674
837,"2011-09-29 10:10:17",47.6311
837,"2011-09-29 10:15:12",47.6299
837,"2011-09-29 10:20:12",47.6948
837,"2011-09-29 10:25:11",47.7247
837,"2011-09-29 10:30:15",47.7571
837,"2011-09-29 10:35:12",47.8207
837,"2011-09-29 10:40:17",47.8195
837,"2011-09-29 10:45:13",47.8843
837,"2011-09-29 10:50:11",47.8831
837,"2011-09-29 10:55:12",47.9454
837,"2011-09-29 11:00:14",47.9778
837,"2011-09-29 11:05:12",47.9765
837,"2011-09-29 11:10:11",48.0077
837,"2011-09-29 11:15:11",48.0077
837,"2011-09-29 11:20:11",48.0039
837,"2011-09-29 11:25:11",48.035
837,"2011-09-29 11:30:12",48.035
837,"2011-09-29 11:35:11",48.0649
837,"2011-09-29 11:40:12",48.0326
837,"2011-09-29 11:45:11",48.0624
837,"2011-09-29 11:50:12",48.0624
837,"2011-09-29 11:55:10",48.0612
837,"2011-09-29 12:00:10",48.0599
837,"2011-09-29 12:05:10",48.0599
837,"2011-09-29 12:10:11",48.0599
837,"2011-09-29 12:15:12",48.0574
837,"2011-09-29 12:20:12",48.0238
837,"2011-09-29 12:25:11",48.0238
837,"2011-09-29 12:30:11",48.0214
837,"2011-09-29 12:35:11",47.989
837,"2011-09-29 12:40:11",47.9878
837,"2011-09-29 12:45:10",47.9878
837,"2011-09-29 12:50:10",47.9529
837,"2011-09-29 12:55:10",47.9205
837,"2011-09-29 13:00:10",47.8545
837,"2011-09-29 13:10:11",47.7885
837,"2011-09-29 13:15:11",47.72
837,"2011-09-29 13:20:14",47.6552
837,"2011-09-29 13:25:09",47.6191
837,"2011-09-29 13:30:10",47.553
837,"2011-09-29 13:35:10",47.5206
837,"2011-09-29 13:40:10",47.4532
837,"2011-09-29 13:45:08",47.452
837,"2011-09-29 13:50:10",47.3847
837,"2011-09-29 13:55:11",47.3522
837,"2011-09-29 14:00:10",47.351
837,"2011-09-29 14:05:11",47.2499
837,"2011-09-29 14:10:09",47.2499
837,"2011-09-29 14:15:11",47.2474
837,"2011-09-29 14:20:10",47.2137
837,"2011-09-29 14:25:10",47.2137
837,"2011-09-29 14:30:10",47.1776
837,"2011-09-29 14:35:10",47.1451
837,"2011-09-29 14:40:10",47.1114
837,"2011-09-29 14:45:09",47.0777
837,"2011-09-29 14:50:09",47.109
837,"2011-09-29 14:55:09",47.0403
837,"2011-09-29 15:00:11",47.009
837,"2011-09-29 15:05:09",46.9753
837,"2011-09-29 15:10:09",46.9103
837,"2011-09-29 15:15:09",46.8453
837,"2011-09-29 15:20:08",46.8428
837,"2011-09-29 15:25:09",46.8428
837,"2011-09-29 15:30:09",46.7753
837,"2011-09-29 15:35:09",46.7103
837,"2011-09-29 15:40:08",46.6427
837,"2011-09-29 15:45:09",46.545
837,"2011-09-29 15:50:10",46.4799
837,"2011-09-29 15:55:10",46.4775
837,"2011-09-29 16:00:09",46.4123
837,"2011-09-29 16:05:10",46.4111
837,"2011-09-29 16:10:09",46.3109
837,"2011-09-29 16:15:10",46.3447
837,"2011-09-29 16:20:08",46.3097
837,"2011-09-29 16:25:08",46.2444
837,"2011-09-29 16:30:08",46.178
837,"2011-09-29 16:35:08",46.1127
837,"2011-09-29 16:40:08",46.1103
837,"2011-09-29 16:45:10",46.0765
837,"2011-09-29 16:50:08",45.9773
837,"2011-09-29 16:55:09",45.8793
837,"2011-09-29 17:00:08",45.7813
837,"2011-09-29 17:05:08",45.7147
837,"2011-09-29 17:10:09",45.6469
837,"2011-09-29 17:15:11",45.7765
837,"2011-09-29 17:20:09",45.6457
837,"2011-09-29 17:25:08",45.6118
837,"2011-09-29 17:30:08",45.5136
837,"2011-09-29 17:35:07",45.5464
837,"2011-09-29 17:40:09",45.6094
837,"2011-09-29 17:45:07",45.544
837,"2011-09-29 17:50:08",45.544
837,"2011-09-29 17:55:07",45.4785
837,"2011-09-29 18:00:08",45.4107
837,"2011-09-29 18:05:08",45.4446
837,"2011-09-29 18:10:07",45.5077
837,"2011-09-29 18:15:08",45.4762
837,"2011-09-29 18:20:09",45.4107
837,"2011-09-29 18:25:07",45.3756
837,"2011-09-29 18:30:08",45.3428
837,"2011-09-29 18:35:08",45.3756
837,"2011-09-29 18:40:11",45.3756
837,"2011-09-29 18:45:07",45.3756
837,"2011-09-29 18:50:08",45.4399
837,"2011-09-29 18:55:07",45.5065
837,"2011-09-29 19:00:07",45.5369
837,"2011-09-29 19:05:07",45.6035
837,"2011-09-29 19:10:08",45.6023
837,"2011-09-29 19:15:06",45.5053
837,"2011-09-29 19:20:07",45.4714
837,"2011-09-29 19:25:08",45.4399
837,"2011-09-29 19:30:08",45.4387
837,"2011-09-29 19:35:08",45.4387
837,"2011-09-29 19:40:08",45.4387
837,"2011-09-29 19:50:07",45.4363
837,"2011-09-29 19:55:07",45.3404
837,"2011-09-29 20:00:07",45.241
837,"2011-09-29 20:05:06",45.2094
837,"2011-09-29 20:10:06",45.1766
837,"2011-09-29 20:15:06",45.111
837,"2011-09-29 20:20:06",45.2094
837,"2011-09-29 20:25:08",45.241
837,"2011-09-29 20:30:07",45.2421
837,"2011-09-29 20:35:06",45.3077
837,"2011-09-29 20:40:07",45.3404
837,"2011-09-29 20:45:07",45.372
837,"2011-09-29 20:50:07",45.503
837,"2011-09-29 20:55:05",45.4059
837,"2011-09-29 21:00:07",45.2421
837,"2011-09-29 21:05:07",45.1122
837,"2011-09-29 21:10:07",45.0782
837,"2011-09-29 21:15:06",45.0782
837,"2011-09-29 21:20:07",45.1122
837,"2011-09-29 21:25:07",45.1438
837,"2011-09-29 21:30:05",45.1766
837,"2011-09-29 21:35:05",45.2433
837,"2011-09-29 21:40:05",45.2749
837,"2011-09-29 21:45:10",45.1789
837,"2011-09-29 21:50:07",45.3428
837,"2011-09-29 21:55:06",45.3756
837,"2011-09-29 22:00:06",45.3112
837,"2011-09-29 22:05:05",45.3112
837,"2011-09-29 22:10:05",45.344
837,"2011-09-29 22:15:05",45.4107
837,"2011-09-29 22:20:06",45.3767
837,"2011-09-29 22:25:06",45.3756
837,"2011-09-29 22:30:05",45.3767
837,"2011-09-29 22:35:06",45.3767
837,"2011-09-29 22:40:06",45.3767
837,"2011-09-29 22:45:06",45.344
837,"2011-09-29 22:50:05",45.31
837,"2011-09-29 22:55:07",45.3124
837,"2011-09-29 23:00:05",45.3124
837,"2011-09-29 23:05:05",45.3124
837,"2011-09-29 23:10:04",45.3136
837,"2011-09-29 23:15:06",45.3136
837,"2011-09-29 23:25:06",45.3475
837,"2011-09-29 23:30:07",45.4493
837,"2011-09-29 23:35:06",45.413
837,"2011-09-29 23:40:05",45.4154
837,"2011-09-29 23:45:05",45.3826
837,"2011-09-29 23:50:05",45.3511
837,"2011-09-29 23:55:06",45.385
837,"2011-09-30 00:00:04",45.3838
837,"2011-09-30 00:05:04",45.3862
837,"2011-09-30 00:10:04",45.3207
837,"2011-09-30 00:15:04",45.3195
837,"2011-09-30 00:20:03",45.2539
837,"2011-09-30 00:25:04",45.2551
837,"2011-09-30 00:30:05",45.2539
837,"2011-09-30 00:35:05",45.2551
837,"2011-09-30 00:40:05",45.2223
837,"2011-09-30 00:45:04",45.2223
837,"2011-09-30 00:50:04",45.1895
837,"2011-09-30 00:55:05",45.1895
837,"2011-09-30 01:00:04",45.1251
837,"2011-09-30 01:05:03",45.1239
837,"2011-09-30 01:10:04",45.1251
837,"2011-09-30 01:15:04",45.1263
837,"2011-09-30 01:20:03",45.0607
837,"2011-09-30 01:25:03",45.0618
837,"2011-09-30 01:30:07",45.0618
837,"2011-09-30 01:40:03",44.9258
837,"2011-09-30 01:45:02",44.9282
837,"2011-09-30 01:50:04",44.9305
837,"2011-09-30 01:55:02",44.9305
837,"2011-09-30 02:00:02",44.9329
837,"2011-09-30 02:05:03",44.8672
837,"2011-09-30 02:10:04",44.8684
837,"2011-09-30 02:15:03",44.8367
837,"2011-09-30 02:20:04",44.8038
837,"2011-09-30 02:25:03",44.8038
837,"2011-09-30 02:30:02",44.8061
837,"2011-09-30 02:35:03",44.8061
837,"2011-09-30 02:40:03",44.7733
837,"2011-09-30 02:45:02",44.7733
837,"2011-09-30 02:50:04",44.7427
837,"2011-09-30 02:55:02",44.7416
837,"2011-09-30 03:00:09",44.7098
837,"2011-09-30 03:05:03",44.7427
837,"2011-09-30 03:10:04",44.711
837,"2011-09-30 03:15:02",44.7122
837,"2011-09-30 03:20:02",44.7133
837,"2011-09-30 03:25:02",44.7779
837,"2011-09-30 03:30:01",44.7462
837,"2011-09-30 03:35:02",44.7474
837,"2011-09-30 03:40:03",44.6816
837,"2011-09-30 03:45:01",44.6499
837,"2011-09-30 03:50:03",44.6499
837,"2011-09-30 03:55:05",44.6181
837,"2011-09-30 04:00:03",44.5864
837,"2011-09-30 04:05:03",44.5535
837,"2011-09-30 04:10:01",44.5546
837,"2011-09-30 04:15:03",44.4911
837,"2011-09-30 04:20:03",44.4582
837,"2011-09-30 04:25:04",44.3923
837,"2011-09-30 04:30:02",44.4264
837,"2011-09-30 04:35:01",44.3946
837,"2011-09-30 04:40:03",44.364
837,"2011-09-30 04:45:07",44.364
837,"2011-09-30 04:50:01",44.3663
837,"2011-09-30 04:55:01",44.3333
837,"2011-09-30 05:00:02",44.3003
837,"2011-09-30 05:05:00",44.3003
837,"2011-09-30 05:10:01",44.2708
837,"2011-09-30 05:15:02",44.2378
837,"2011-09-30 05:20:02",44.2072
837,"2011-09-30 05:25:00",44.1423
837,"2011-09-30 05:30:03",44.1105
837,"2011-09-30 05:35:03",44.0774
837,"2011-09-30 05:40:01",44.0774
837,"2011-09-30 05:45:04",44.0809
837,"2011-09-30 05:50:01",44.0479
837,"2011-09-30 05:55:03",44.0832
837,"2011-09-30 06:00:04",44.0832
837,"2011-09-30 06:05:00",44.1162
837,"2011-09-30 06:10:01",44.1162
837,"2011-09-30 06:15:00",44.1515
837,"2011-09-30 06:20:01",44.1174
837,"2011-09-30 06:25:00",44.0866
837,"2011-09-30 06:30:00",44.0525
837,"2011-09-30 06:35:01",44.0548
837,"2011-09-30 06:40:01",44.0536
837,"2011-09-30 06:45:00",44.0559
837,"2011-09-30 06:50:01",44.0878
837,"2011-09-30 06:55:00",44.0548
837,"2011-09-30 07:00:00",44.0571
837,"2011-09-30 07:05:00",44.0252
837,"2011-09-30 07:10:02",44.024
837,"2011-09-30 07:15:02",44.0571
837,"2011-09-30 07:20:00",44.0594
837,"2011-09-30 07:24:59",44.0594
837,"2011-09-30 07:30:01",44.0594
837,"2011-09-30 07:34:59",44.0605
837,"2011-09-30 07:40:03",44.0263
837,"2011-09-30 07:45:01",43.9956
837,"2011-09-30 07:50:01",44.0286
837,"2011-09-30 07:54:59",44.0309
837,"2011-09-30 08:00:02",44.0309
837,"2011-09-30 08:04:59",44.0321
837,"2011-09-30 08:09:59",44.0662
837,"2011-09-30 08:14:59",44.0993
837,"2011-09-30 08:19:59",44.1665
837,"2011-09-30 08:25:00",44.1983
837,"2011-09-30 08:30:14",44.3315
837,"2011-09-30 08:35:00",44.3645
837,"2011-09-30 08:39:59",44.3986
837,"2011-09-30 08:44:58",44.4646
837,"2011-09-30 08:49:59",44.5294
837,"2011-09-30 08:54:58",44.5964
837,"2011-09-30 08:59:59",44.6623
837,"2011-09-30 09:04:59",44.7611
837,"2011-09-30 09:10:00",44.7928
837,"2011-09-30 09:14:58",44.8598
837,"2011-09-30 09:19:59",44.9256
837,"2011-09-30 09:25:00",44.9902
837,"2011-09-30 09:29:59",45.1217
837,"2011-09-30 09:39:59",45.2836
837,"2011-09-30 09:45:00",45.3808
837,"2011-09-30 09:49:58",45.4136
837,"2011-09-30 09:55:02",45.5132
837,"2011-09-30 09:59:58",45.5764
837,"2011-09-30 10:04:59",45.642
837,"2011-09-30 10:10:00",45.7063
837,"2011-09-30 10:14:59",45.7718
837,"2011-09-30 10:19:57",45.8349
837,"2011-09-30 10:24:59",45.9003
837,"2011-09-30 10:29:57",45.9646
837,"2011-09-30 10:34:58",46.0288
837,"2011-09-30 10:39:59",46.0941
837,"2011-09-30 10:44:58",46.1244
837,"2011-09-30 10:49:58",46.1571
837,"2011-09-30 10:54:59",46.2224
837,"2011-09-30 10:59:58",46.22
837,"2011-09-30 11:04:59",46.2841
837,"2011-09-30 11:09:58",46.2853
837,"2011-09-30 11:14:58",46.2829
837,"2011-09-30 11:19:58",46.2491
837,"2011-09-30 11:24:57",46.2829
837,"2011-09-30 11:29:57",46.2479
837,"2011-09-30 11:34:58",46.2805
837,"2011-09-30 11:39:58",46.2467
837,"2011-09-30 11:44:59",46.2128
837,"2011-09-30 11:50:00",46.2128
837,"2011-09-30 11:54:58",46.2104
837,"2011-09-30 11:59:58",46.2092
837,"2011-09-30 12:04:59",46.2092
837,"2011-09-30 12:09:58",46.208
837,"2011-09-30 12:15:00",46.1754
837,"2011-09-30 12:19:57",46.1379
837,"2011-09-30 12:24:59",46.1064
837,"2011-09-30 12:29:57",45.9431
837,"2011-09-30 12:34:57",45.8426
837,"2011-09-30 12:39:56",45.8414
837,"2011-09-30 12:44:59",45.8087
837,"2011-09-30 12:49:58",45.8063
837,"2011-09-30 12:54:57",45.8039
837,"2011-09-30 12:59:58",45.8015
837,"2011-09-30 13:04:57",45.8015
837,"2011-09-30 13:09:58",45.7676
837,"2011-09-30 13:14:57",45.7991
837,"2011-09-30 13:19:59",45.7967
837,"2011-09-30 13:24:57",45.7629
837,"2011-09-30 13:29:56",45.6986
837,"2011-09-30 13:34:57",45.5993
837,"2011-09-30 13:40:03",45.5969
837,"2011-09-30 13:44:57",45.66
837,"2011-09-30 13:49:57",45.5933
837,"2011-09-30 13:54:56",45.5255
837,"2011-09-30 13:59:57",45.46
837,"2011-09-30 14:09:57",45.5219
837,"2011-09-30 14:14:57",45.4529
837,"2011-09-30 14:19:57",45.4856
837,"2011-09-30 14:24:57",45.516
837,"2011-09-30 14:29:56",45.4481
837,"2011-09-30 14:34:56",45.5113
837,"2011-09-30 14:39:56",45.4446
837,"2011-09-30 14:44:57",45.3124
837,"2011-09-30 14:49:57",45.3124
837,"2011-09-30 14:59:56",45.1462
837,"2011-09-30 15:04:56",45.1134
837,"2011-09-30 15:09:57",45.1122
837,"2011-09-30 15:14:55",45.1426
837,"2011-09-30 15:19:57",45.1098
837,"2011-09-30 15:24:55",45.0431
837,"2011-09-30 15:29:56",45.0079
837,"2011-09-30 15:34:55",44.9751
837,"2011-09-30 15:39:56",44.8426
837,"2011-09-30 15:44:56",44.8426
837,"2011-09-30 15:49:55",44.8415
837,"2011-09-30 15:54:56",44.9388
837,"2011-09-30 15:59:57",45.0032
837,"2011-09-30 16:04:55",45.036
837,"2011-09-30 16:09:54",45.0337
837,"2011-09-30 16:14:56",45.1004
837,"2011-09-30 16:19:56",45.132
837,"2011-09-30 16:24:54",45.1297
837,"2011-09-30 16:29:55",45.228
837,"2011-09-30 16:34:54",45.2268
837,"2011-09-30 16:39:55",45.29
837,"2011-09-30 16:45:06",45.3543
837,"2011-09-30 16:49:55",45.4186
837,"2011-09-30 16:54:54",45.4828
837,"2011-09-30 16:59:54",45.4804
837,"2011-09-30 17:04:54",45.4465
837,"2011-09-30 17:09:55",45.3799
837,"2011-09-30 17:14:55",45.1483
837,"2011-09-30 17:19:56",45.0793
837,"2011-09-30 17:24:55",45.0781
837,"2011-09-30 17:29:55",45.1436
837,"2011-09-30 17:34:54",45.1413
837,"2011-09-30 17:39:54",45.2092
837,"2011-09-30 17:44:54",45.1752
837,"2011-09-30 17:49:54",45.1413
837,"2011-09-30 17:54:54",45.0769
837,"2011-09-30 18:00:05",45.0102
837,"2011-09-30 18:04:56",45.043
837,"2011-09-30 18:09:56",45.0418
837,"2011-09-30 18:14:57",45.1062
837,"2011-09-30 18:19:54",45.1366
837,"2011-09-30 18:24:54",45.1366
837,"2011-09-30 18:29:56",45.1693
837,"2011-09-30 18:34:55",45.1354
837,"2011-09-30 18:39:56",45.0711
837,"2011-09-30 18:44:55",45.0043
837,"2011-09-30 18:50:04",44.9364
837,"2011-09-30 18:54:55",44.9048
837,"2011-09-30 18:59:54",44.7408
837,"2011-09-30 19:04:56",44.6751
837,"2011-09-30 19:09:54",44.4451
837,"2011-09-30 19:14:55",44.3453
837,"2011-09-30 19:19:57",44.2149
837,"2011-09-30 19:24:54",44.0832
837,"2011-09-30 19:29:54",43.9844
837,"2011-09-30 19:34:56",43.9185
837,"2011-09-30 19:39:54",43.8855
837,"2011-09-30 19:44:53",43.7525
837,"2011-09-30 19:49:53",43.7206
837,"2011-09-30 19:54:53",43.7866
837,"2011-09-30 19:59:54",43.7536
837,"2011-09-30 20:04:55",43.8184
837,"2011-09-30 20:09:55",43.9491
837,"2011-09-30 20:14:53",43.948
837,"2011-09-30 20:19:57",43.9491
837,"2011-09-30 20:24:53",43.9821
837,"2011-09-30 20:29:52",44.015
837,"2011-09-30 20:34:54",44.0139
837,"2011-09-30 20:39:55",44.0139
837,"2011-09-30 20:44:55",43.9798
837,"2011-09-30 20:49:53",43.9798
837,"2011-09-30 20:54:53",43.9809
837,"2011-09-30 20:59:56",43.9798
837,"2011-09-30 21:04:52",44.0127
837,"2011-09-30 21:09:56",43.9798
837,"2011-09-30 21:14:52",43.948
837,"2011-09-30 21:19:53",43.9798
837,"2011-09-30 21:24:55",43.9809
837,"2011-09-30 21:29:55",43.9457
837,"2011-09-30 21:34:53",43.948
837,"2011-09-30 21:39:53",43.9457
837,"2011-09-30 21:44:53",43.9786
837,"2011-09-30 21:49:56",43.9809
837,"2011-09-30 21:54:56",43.9457
837,"2011-09-30 21:59:52",43.9457
837,"2011-09-30 22:04:56",43.9457
837,"2011-09-30 22:09:52",43.9457
837,"2011-09-30 22:14:51",43.9798
837,"2011-09-30 22:19:53",43.9468
837,"2011-09-30 22:24:54",43.9457
837,"2011-09-30 22:29:54",43.9786
837,"2011-09-30 22:34:53",43.9445
837,"2011-09-30 22:39:53",43.9445
837,"2011-09-30 22:44:54",43.9468
837,"2011-09-30 22:49:51",43.9786
837,"2011-09-30 22:54:53",43.9798
837,"2011-09-30 22:59:55",43.9457
837,"2011-09-30 23:04:54",43.9457
837,"2011-09-30 23:09:53",43.9457
837,"2011-09-30 23:14:52",43.9468
837,"2011-09-30 23:19:52",43.9468
837,"2011-09-30 23:24:50",43.9468
837,"2011-09-30 23:29:52",43.9139
837,"2011-09-30 23:34:52",43.9468
837,"2011-09-30 23:39:52",43.9468
837,"2011-09-30 23:44:51",43.948
837,"2011-09-30 23:49:54",43.9468
837,"2011-09-30 23:54:52",43.9468
837,"2011-09-30 23:59:52",43.948
