DATE(time)	nodeId	count(*)
2011-07-08	5092	80
2011-07-08	5124	81
2011-07-08	5156	83
2011-07-08	5188	84
2011-07-08	5220	85
2011-07-08	5252	86
2011-07-08	5284	87
2011-07-08	5316	88
2011-07-08	5348	92
2011-07-08	5540	1
2011-07-09	5092	288
2011-07-09	5124	288
2011-07-09	5156	288
2011-07-09	5188	288
2011-07-09	5220	288
2011-07-09	5252	288
2011-07-09	5284	288
2011-07-09	5316	288
2011-07-09	5348	288
2011-07-10	5092	288
2011-07-10	5124	288
2011-07-10	5156	288
2011-07-10	5188	288
2011-07-10	5220	288
2011-07-10	5252	287
2011-07-10	5284	287
2011-07-10	5316	288
2011-07-10	5348	288
2011-07-11	4932	122
2011-07-11	4964	122
2011-07-11	4996	156
2011-07-11	5028	156
2011-07-11	5060	155
2011-07-11	5092	284
2011-07-11	5124	284
2011-07-11	5156	278
2011-07-11	5188	283
2011-07-11	5220	277
2011-07-11	5252	284
2011-07-11	5284	284
2011-07-11	5316	284
2011-07-11	5348	284
2011-07-11	5476	131
2011-07-11	5508	131
2011-07-11	5540	131
2011-07-11	5572	130
2011-07-11	5604	130
2011-07-11	5636	130
2011-07-12	4932	288
2011-07-12	4964	288
2011-07-12	4996	288
2011-07-12	5028	288
2011-07-12	5060	288
2011-07-12	5092	288
2011-07-12	5124	288
2011-07-12	5156	288
2011-07-12	5188	288
2011-07-12	5220	288
2011-07-12	5252	288
2011-07-12	5284	288
2011-07-12	5316	288
2011-07-12	5348	288
2011-07-12	5380	1
2011-07-12	5412	1
2011-07-12	5476	288
2011-07-12	5508	288
2011-07-12	5540	288
2011-07-12	5572	288
2011-07-12	5604	288
2011-07-12	5636	288
2011-07-13	4932	288
2011-07-13	4964	288
2011-07-13	4996	288
2011-07-13	5028	288
2011-07-13	5060	288
2011-07-13	5092	288
2011-07-13	5124	288
2011-07-13	5156	288
2011-07-13	5188	288
2011-07-13	5220	288
2011-07-13	5252	288
2011-07-13	5284	288
2011-07-13	5316	288
2011-07-13	5348	288
2011-07-13	5476	288
2011-07-13	5508	288
2011-07-13	5540	288
2011-07-13	5572	288
2011-07-13	5604	288
2011-07-13	5636	288
2011-07-14	4932	288
2011-07-14	4964	288
2011-07-14	4996	288
2011-07-14	5028	288
2011-07-14	5060	288
2011-07-14	5092	288
2011-07-14	5124	288
2011-07-14	5156	288
2011-07-14	5188	288
2011-07-14	5220	288
2011-07-14	5252	288
2011-07-14	5284	288
2011-07-14	5316	288
2011-07-14	5348	288
2011-07-14	5476	288
2011-07-14	5508	288
2011-07-14	5540	288
2011-07-14	5572	288
2011-07-14	5604	288
2011-07-14	5636	288
2011-07-15	4932	288
2011-07-15	4964	288
2011-07-15	4996	288
2011-07-15	5028	288
2011-07-15	5060	288
2011-07-15	5092	288
2011-07-15	5124	288
2011-07-15	5156	287
2011-07-15	5188	288
2011-07-15	5220	288
2011-07-15	5252	288
2011-07-15	5284	288
2011-07-15	5316	288
2011-07-15	5348	288
2011-07-15	5476	288
2011-07-15	5508	288
2011-07-15	5540	288
2011-07-15	5572	288
2011-07-15	5604	288
2011-07-15	5636	288
2011-07-16	4932	288
2011-07-16	4964	288
2011-07-16	4996	288
2011-07-16	5028	288
2011-07-16	5060	288
2011-07-16	5092	288
2011-07-16	5124	288
2011-07-16	5156	288
2011-07-16	5188	288
2011-07-16	5220	288
2011-07-16	5252	288
2011-07-16	5284	288
2011-07-16	5316	288
2011-07-16	5348	288
2011-07-16	5476	288
2011-07-16	5508	288
2011-07-16	5540	288
2011-07-16	5572	288
2011-07-16	5604	288
2011-07-16	5636	288
2011-07-17	4932	288
2011-07-17	4964	288
2011-07-17	4996	288
2011-07-17	5028	288
2011-07-17	5060	288
2011-07-17	5092	288
2011-07-17	5124	288
2011-07-17	5156	288
2011-07-17	5188	288
2011-07-17	5220	288
2011-07-17	5252	288
2011-07-17	5284	288
2011-07-17	5316	288
2011-07-17	5348	288
2011-07-17	5476	289
2011-07-17	5508	289
2011-07-17	5540	289
2011-07-17	5572	289
2011-07-17	5604	289
2011-07-17	5636	289
2011-07-18	4932	288
2011-07-18	4964	288
2011-07-18	4996	288
2011-07-18	5028	288
2011-07-18	5060	288
2011-07-18	5092	288
2011-07-18	5124	288
2011-07-18	5156	219
2011-07-18	5188	288
2011-07-18	5220	288
2011-07-18	5252	288
2011-07-18	5284	288
2011-07-18	5316	288
2011-07-18	5348	288
2011-07-18	5476	288
2011-07-18	5508	288
2011-07-18	5540	288
2011-07-18	5572	288
2011-07-18	5604	288
2011-07-18	5636	288
2011-07-19	4932	288
2011-07-19	4964	288
2011-07-19	4996	288
2011-07-19	5028	288
2011-07-19	5060	288
2011-07-19	5092	288
2011-07-19	5124	288
2011-07-19	5188	288
2011-07-19	5220	288
2011-07-19	5252	288
2011-07-19	5284	288
2011-07-19	5316	288
2011-07-19	5348	288
2011-07-19	5476	288
2011-07-19	5508	288
2011-07-19	5540	288
2011-07-19	5572	288
2011-07-19	5604	288
2011-07-19	5636	288
2011-07-20	4932	288
2011-07-20	4964	288
2011-07-20	4996	288
2011-07-20	5028	288
2011-07-20	5060	288
2011-07-20	5092	288
2011-07-20	5124	288
2011-07-20	5188	288
2011-07-20	5220	288
2011-07-20	5252	288
2011-07-20	5284	288
2011-07-20	5316	288
2011-07-20	5348	288
2011-07-20	5476	288
2011-07-20	5508	288
2011-07-20	5540	288
2011-07-20	5572	288
2011-07-20	5604	288
2011-07-20	5636	288
2011-07-21	4932	102
2011-07-21	4964	102
2011-07-21	4996	102
2011-07-21	5028	102
2011-07-21	5060	102
2011-07-21	5092	102
2011-07-21	5124	102
2011-07-21	5188	102
2011-07-21	5220	102
2011-07-21	5252	102
2011-07-21	5284	102
2011-07-21	5316	102
2011-07-21	5348	102
2011-07-21	5476	106
2011-07-21	5508	106
2011-07-21	5540	106
2011-07-21	5572	106
2011-07-21	5604	106
2011-07-21	5636	106
2011-09-12	69	143
2011-09-12	70	143
2011-09-12	71	142
2011-09-12	72	145
2011-09-12	105	1
2011-09-12	169	1
2011-09-12	4164	142
2011-09-12	4196	143
2011-09-12	8257	141
2011-09-12	8258	141
2011-09-12	8259	18
2011-09-12	8291	35
2011-09-12	12352	142
2011-09-12	12384	36
2011-09-13	69	147
2011-09-13	70	147
2011-09-13	71	147
2011-09-13	72	147
2011-09-13	4164	147
2011-09-13	4196	147
2011-09-13	8257	147
2011-09-13	8258	148
2011-09-13	12352	147
2011-10-10	133	1301
2011-10-10	134	1319
2011-10-10	135	1306
2011-10-10	136	1305
2011-10-10	8321	1297
2011-10-10	12416	1291
2011-10-11	133	2880
2011-10-11	134	2880
2011-10-11	135	2880
2011-10-11	136	2879
2011-10-11	8321	2879
2011-10-11	12416	2879
2011-10-12	133	1501
2011-10-12	134	1497
2011-10-12	135	1494
2011-10-12	136	1496
2011-10-12	8321	1503
2011-10-12	8322	285
2011-10-12	12416	1497
2011-10-26	134	145
2011-10-26	8322	215
2011-10-26	9000	135
2011-10-27	134	288
2011-10-27	8322	288
2011-10-27	9000	288
2011-10-28	69	102
2011-10-28	70	101
2011-10-28	71	102
2011-10-28	72	101
2011-10-28	101	97
2011-10-28	102	99
2011-10-28	103	97
2011-10-28	104	98
2011-10-28	133	97
2011-10-28	134	272
2011-10-28	135	101
2011-10-28	136	100
2011-10-28	165	100
2011-10-28	166	99
2011-10-28	167	101
2011-10-28	168	100
2011-10-28	197	100
2011-10-28	198	99
2011-10-28	199	103
2011-10-28	200	99
2011-10-28	229	100
2011-10-28	230	100
2011-10-28	231	101
2011-10-28	232	100
2011-10-28	8257	101
2011-10-28	8258	100
2011-10-28	8259	101
2011-10-28	8289	98
2011-10-28	8290	102
2011-10-28	8291	99
2011-10-28	8321	98
2011-10-28	8322	269
2011-10-28	8323	102
2011-10-28	8353	100
2011-10-28	8354	101
2011-10-28	8355	100
2011-10-28	8385	99
2011-10-28	8386	99
2011-10-28	8387	102
2011-10-28	8417	104
2011-10-28	8418	99
2011-10-28	8419	101
2011-10-28	8449	98
2011-10-28	9000	276
2011-10-28	12352	102
2011-10-28	12384	100
2011-10-28	12416	98
2011-10-28	12448	97
2011-10-28	12480	100
2011-10-28	12512	99
2011-10-28	12544	99
2011-10-29	69	288
2011-10-29	70	288
2011-10-29	71	288
2011-10-29	72	288
2011-10-29	101	288
2011-10-29	102	288
2011-10-29	103	288
2011-10-29	104	288
2011-10-29	133	288
2011-10-29	134	288
2011-10-29	135	288
2011-10-29	136	287
2011-10-29	165	286
2011-10-29	166	288
2011-10-29	167	288
2011-10-29	168	288
2011-10-29	197	288
2011-10-29	198	287
2011-10-29	199	288
2011-10-29	200	288
2011-10-29	229	287
2011-10-29	230	288
2011-10-29	231	288
2011-10-29	232	288
2011-10-29	8257	288
2011-10-29	8258	288
2011-10-29	8259	288
2011-10-29	8289	288
2011-10-29	8290	288
2011-10-29	8291	288
2011-10-29	8321	288
2011-10-29	8322	288
2011-10-29	8323	288
2011-10-29	8353	288
2011-10-29	8354	288
2011-10-29	8355	288
2011-10-29	8385	288
2011-10-29	8386	288
2011-10-29	8387	288
2011-10-29	8417	288
2011-10-29	8418	288
2011-10-29	8419	288
2011-10-29	8449	288
2011-10-29	9000	288
2011-10-29	12352	288
2011-10-29	12384	288
2011-10-29	12416	288
2011-10-29	12448	288
2011-10-29	12480	288
2011-10-29	12512	288
2011-10-29	12544	288
2011-10-30	69	292
2011-10-30	70	295
2011-10-30	71	299
2011-10-30	72	295
2011-10-30	101	288
2011-10-30	102	296
2011-10-30	103	297
2011-10-30	104	288
2011-10-30	133	288
2011-10-30	134	298
2011-10-30	135	297
2011-10-30	136	288
2011-10-30	165	297
2011-10-30	166	288
2011-10-30	167	288
2011-10-30	168	288
2011-10-30	197	298
2011-10-30	198	294
2011-10-30	199	293
2011-10-30	200	299
2011-10-30	229	298
2011-10-30	230	290
2011-10-30	231	299
2011-10-30	232	288
2011-10-30	8257	292
2011-10-30	8258	288
2011-10-30	8259	294
2011-10-30	8289	298
2011-10-30	8290	291
2011-10-30	8291	290
2011-10-30	8321	288
2011-10-30	8322	288
2011-10-30	8323	297
2011-10-30	8353	293
2011-10-30	8354	288
2011-10-30	8355	299
2011-10-30	8385	293
2011-10-30	8386	295
2011-10-30	8387	288
2011-10-30	8417	298
2011-10-30	8418	291
2011-10-30	8419	299
2011-10-30	8449	290
2011-10-30	9000	288
2011-10-30	12352	288
2011-10-30	12384	296
2011-10-30	12416	297
2011-10-30	12448	300
2011-10-30	12480	293
2011-10-30	12512	289
2011-10-30	12544	294
2011-10-31	69	288
2011-10-31	70	288
2011-10-31	71	288
2011-10-31	72	288
2011-10-31	101	288
2011-10-31	102	288
2011-10-31	103	288
2011-10-31	104	288
2011-10-31	133	288
2011-10-31	134	288
2011-10-31	135	288
2011-10-31	136	288
2011-10-31	165	288
2011-10-31	166	288
2011-10-31	167	288
2011-10-31	168	288
2011-10-31	197	288
2011-10-31	198	288
2011-10-31	199	288
2011-10-31	200	288
2011-10-31	229	288
2011-10-31	230	288
2011-10-31	231	288
2011-10-31	232	288
2011-10-31	8257	288
2011-10-31	8258	288
2011-10-31	8259	288
2011-10-31	8289	288
2011-10-31	8290	288
2011-10-31	8291	288
2011-10-31	8321	288
2011-10-31	8322	288
2011-10-31	8323	288
2011-10-31	8353	288
2011-10-31	8354	288
2011-10-31	8355	288
2011-10-31	8385	288
2011-10-31	8386	288
2011-10-31	8387	288
2011-10-31	8417	288
2011-10-31	8418	288
2011-10-31	8419	288
2011-10-31	8449	288
2011-10-31	9000	288
2011-10-31	12352	288
2011-10-31	12384	288
2011-10-31	12416	288
2011-10-31	12448	288
2011-10-31	12480	288
2011-10-31	12512	288
2011-10-31	12544	288
2011-10-31	17252	126
2011-11-01	69	288
2011-11-01	70	288
2011-11-01	71	288
2011-11-01	72	288
2011-11-01	101	288
2011-11-01	102	288
2011-11-01	103	288
2011-11-01	104	288
2011-11-01	133	288
2011-11-01	134	288
2011-11-01	135	287
2011-11-01	136	288
2011-11-01	165	287
2011-11-01	166	288
2011-11-01	167	288
2011-11-01	168	288
2011-11-01	197	288
2011-11-01	198	288
2011-11-01	199	288
2011-11-01	200	288
2011-11-01	229	288
2011-11-01	230	288
2011-11-01	231	288
2011-11-01	232	288
2011-11-01	8257	288
2011-11-01	8258	288
2011-11-01	8259	288
2011-11-01	8289	288
2011-11-01	8290	288
2011-11-01	8291	288
2011-11-01	8321	288
2011-11-01	8322	288
2011-11-01	8323	288
2011-11-01	8353	288
2011-11-01	8354	288
2011-11-01	8355	288
2011-11-01	8385	288
2011-11-01	8386	288
2011-11-01	8387	288
2011-11-01	8417	288
2011-11-01	8418	288
2011-11-01	8419	288
2011-11-01	8449	288
2011-11-01	9000	288
2011-11-01	12352	288
2011-11-01	12384	288
2011-11-01	12416	288
2011-11-01	12448	287
2011-11-01	12480	288
2011-11-01	12512	288
2011-11-01	12544	287
2011-11-01	17252	288
2011-11-02	69	288
2011-11-02	70	288
2011-11-02	71	288
2011-11-02	72	288
2011-11-02	101	288
2011-11-02	102	288
2011-11-02	103	288
2011-11-02	104	288
2011-11-02	133	288
2011-11-02	134	288
2011-11-02	135	288
2011-11-02	136	288
2011-11-02	165	287
2011-11-02	166	288
2011-11-02	167	288
2011-11-02	168	288
2011-11-02	197	288
2011-11-02	198	288
2011-11-02	199	288
2011-11-02	200	288
2011-11-02	229	288
2011-11-02	230	288
2011-11-02	231	288
2011-11-02	232	288
2011-11-02	8257	288
2011-11-02	8258	288
2011-11-02	8259	288
2011-11-02	8289	288
2011-11-02	8290	288
2011-11-02	8291	288
2011-11-02	8321	288
2011-11-02	8322	288
2011-11-02	8323	288
2011-11-02	8353	288
2011-11-02	8354	288
2011-11-02	8355	288
2011-11-02	8385	288
2011-11-02	8386	288
2011-11-02	8387	288
2011-11-02	8417	288
2011-11-02	8418	288
2011-11-02	8419	288
2011-11-02	8449	288
2011-11-02	9000	288
2011-11-02	12352	288
2011-11-02	12384	288
2011-11-02	12416	288
2011-11-02	12448	288
2011-11-02	12480	288
2011-11-02	12512	288
2011-11-02	12544	288
2011-11-02	17252	288
2011-11-03	69	182
2011-11-03	70	183
2011-11-03	71	183
2011-11-03	72	183
2011-11-03	101	182
2011-11-03	102	182
2011-11-03	103	182
2011-11-03	104	182
2011-11-03	133	179
2011-11-03	134	179
2011-11-03	135	180
2011-11-03	136	179
2011-11-03	165	179
2011-11-03	166	180
2011-11-03	167	180
2011-11-03	168	180
2011-11-03	197	180
2011-11-03	198	180
2011-11-03	199	180
2011-11-03	200	180
2011-11-03	229	178
2011-11-03	230	178
2011-11-03	231	178
2011-11-03	232	177
2011-11-03	8257	181
2011-11-03	8258	182
2011-11-03	8259	182
2011-11-03	8289	181
2011-11-03	8290	180
2011-11-03	8291	180
2011-11-03	8321	179
2011-11-03	8322	179
2011-11-03	8323	178
2011-11-03	8353	180
2011-11-03	8354	180
2011-11-03	8355	180
2011-11-03	8385	180
2011-11-03	8386	180
2011-11-03	8387	180
2011-11-03	8417	177
2011-11-03	8418	176
2011-11-03	8419	177
2011-11-03	8449	178
2011-11-03	9000	208
2011-11-03	12352	182
2011-11-03	12384	180
2011-11-03	12416	178
2011-11-03	12448	180
2011-11-03	12480	180
2011-11-03	12512	177
2011-11-03	12544	179
2011-11-03	17252	131
2011-11-04	71	106
2011-11-04	8259	105
2011-11-04	9000	16
2011-11-04	12352	106
2011-11-05	71	288
2011-11-05	8259	288
2011-11-05	9000	235
2011-11-05	12352	288
2011-11-06	71	254
2011-11-06	8259	265
2011-11-06	9000	268
2011-11-06	12352	261
2011-11-07	71	46
2011-11-07	72	32
2011-11-07	8258	28
2011-11-07	8259	16
2011-11-07	9000	14
2011-11-07	12352	46
2011-12-05	69	145
2011-12-05	70	147
2011-12-05	71	156
2011-12-05	8257	145
2011-12-05	8258	112
2011-12-05	8259	66
2011-12-06	69	288
2011-12-06	70	288
2011-12-06	71	288
2011-12-06	165	84
2011-12-06	166	84
2011-12-06	167	76
2011-12-06	168	84
2011-12-06	229	91
2011-12-06	230	83
2011-12-06	231	93
2011-12-06	232	93
2011-12-06	8257	288
2011-12-06	8258	288
2011-12-06	8259	92
2011-12-06	8353	2
2011-12-06	8417	90
2011-12-06	8419	87
2011-12-06	12448	81
2011-12-07	69	288
2011-12-07	70	288
2011-12-07	71	287
2011-12-07	165	288
2011-12-07	166	288
2011-12-07	167	288
2011-12-07	168	288
2011-12-07	229	288
2011-12-07	230	288
2011-12-07	231	288
2011-12-07	232	288
2011-12-07	8257	288
2011-12-07	8258	288
2011-12-07	8259	288
2011-12-07	8417	288
2011-12-07	8419	288
2011-12-07	12448	288
2011-12-08	69	288
2011-12-08	70	288
2011-12-08	71	288
2011-12-08	165	286
2011-12-08	166	288
2011-12-08	167	288
2011-12-08	168	288
2011-12-08	229	287
2011-12-08	230	288
2011-12-08	231	288
2011-12-08	232	288
2011-12-08	8257	288
2011-12-08	8258	288
2011-12-08	8259	287
2011-12-08	8417	287
2011-12-08	8419	288
2011-12-08	12448	285
2011-12-09	69	288
2011-12-09	70	288
2011-12-09	71	288
2011-12-09	134	163
2011-12-09	165	288
2011-12-09	166	288
2011-12-09	167	288
2011-12-09	168	287
2011-12-09	229	288
2011-12-09	230	288
2011-12-09	231	288
2011-12-09	232	288
2011-12-09	8257	288
2011-12-09	8258	288
2011-12-09	8259	288
2011-12-09	8417	288
2011-12-09	8419	287
2011-12-09	12448	288
2011-12-10	69	288
2011-12-10	70	288
2011-12-10	71	288
2011-12-10	134	288
2011-12-10	165	288
2011-12-10	166	288
2011-12-10	167	288
2011-12-10	168	288
2011-12-10	229	288
2011-12-10	230	288
2011-12-10	231	288
2011-12-10	232	288
2011-12-10	8257	288
2011-12-10	8258	288
2011-12-10	8259	288
2011-12-10	8417	288
2011-12-10	8419	288
2011-12-10	12448	287
2011-12-11	69	288
2011-12-11	70	288
2011-12-11	71	288
2011-12-11	134	288
2011-12-11	165	288
2011-12-11	166	288
2011-12-11	167	288
2011-12-11	168	288
2011-12-11	229	287
2011-12-11	230	288
2011-12-11	231	288
2011-12-11	232	288
2011-12-11	8257	288
2011-12-11	8258	288
2011-12-11	8259	288
2011-12-11	8417	288
2011-12-11	8419	288
2011-12-11	12448	288
2011-12-12	69	288
2011-12-12	70	288
2011-12-12	71	288
2011-12-12	134	288
2011-12-12	165	288
2011-12-12	166	288
2011-12-12	167	288
2011-12-12	168	288
2011-12-12	229	288
2011-12-12	230	288
2011-12-12	231	288
2011-12-12	232	287
2011-12-12	8257	288
2011-12-12	8258	288
2011-12-12	8259	288
2011-12-12	8417	288
2011-12-12	8419	288
2011-12-12	12448	288
2011-12-13	69	288
2011-12-13	70	288
2011-12-13	71	288
2011-12-13	134	288
2011-12-13	165	288
2011-12-13	166	288
2011-12-13	167	288
2011-12-13	168	288
2011-12-13	229	288
2011-12-13	230	287
2011-12-13	231	288
2011-12-13	232	288
2011-12-13	8257	288
2011-12-13	8258	288
2011-12-13	8259	288
2011-12-13	8417	288
2011-12-13	8419	288
2011-12-13	12448	288
2011-12-14	69	288
2011-12-14	70	288
2011-12-14	71	288
2011-12-14	134	288
2011-12-14	165	288
2011-12-14	166	288
2011-12-14	167	288
2011-12-14	168	288
2011-12-14	229	288
2011-12-14	230	288
2011-12-14	231	288
2011-12-14	232	288
2011-12-14	8257	288
2011-12-14	8258	288
2011-12-14	8259	288
2011-12-14	8417	287
2011-12-14	8419	288
2011-12-14	12448	288
2011-12-15	69	288
2011-12-15	70	288
2011-12-15	71	288
2011-12-15	134	288
2011-12-15	165	288
2011-12-15	166	288
2011-12-15	167	288
2011-12-15	168	288
2011-12-15	229	288
2011-12-15	230	288
2011-12-15	231	288
2011-12-15	232	288
2011-12-15	8257	288
2011-12-15	8258	288
2011-12-15	8259	288
2011-12-15	8417	288
2011-12-15	8419	287
2011-12-15	12448	288
2011-12-16	69	288
2011-12-16	70	288
2011-12-16	71	288
2011-12-16	134	288
2011-12-16	165	288
2011-12-16	166	288
2011-12-16	167	288
2011-12-16	168	288
2011-12-16	229	287
2011-12-16	230	288
2011-12-16	231	288
2011-12-16	232	288
2011-12-16	8257	288
2011-12-16	8258	287
2011-12-16	8259	288
2011-12-16	8417	288
2011-12-16	8419	288
2011-12-16	12448	288
2011-12-17	69	287
2011-12-17	70	288
2011-12-17	71	288
2011-12-17	134	288
2011-12-17	165	288
2011-12-17	166	287
2011-12-17	167	287
2011-12-17	168	288
2011-12-17	229	288
2011-12-17	230	288
2011-12-17	231	288
2011-12-17	232	288
2011-12-17	8257	288
2011-12-17	8258	288
2011-12-17	8259	288
2011-12-17	8417	288
2011-12-17	8419	288
2011-12-17	12448	288
2011-12-18	69	288
2011-12-18	70	288
2011-12-18	71	288
2011-12-18	134	288
2011-12-18	165	288
2011-12-18	166	286
2011-12-18	167	288
2011-12-18	168	288
2011-12-18	229	288
2011-12-18	230	287
2011-12-18	231	288
2011-12-18	232	288
2011-12-18	8257	288
2011-12-18	8258	288
2011-12-18	8259	288
2011-12-18	8417	288
2011-12-18	8419	288
2011-12-18	12448	288
2011-12-19	69	248
2011-12-19	70	249
2011-12-19	71	249
2011-12-19	133	132
2011-12-19	134	247
2011-12-19	135	130
2011-12-19	136	131
2011-12-19	165	248
2011-12-19	166	248
2011-12-19	167	248
2011-12-19	168	248
2011-12-19	197	8
2011-12-19	198	8
2011-12-19	199	7
2011-12-19	200	8
2011-12-19	229	249
2011-12-19	230	248
2011-12-19	231	248
2011-12-19	232	246
2011-12-19	4228	125
2011-12-19	4292	1
2011-12-19	8257	247
2011-12-19	8258	247
2011-12-19	8259	248
2011-12-19	8321	130
2011-12-19	8322	131
2011-12-19	8323	130
2011-12-19	8385	1
2011-12-19	8386	1
2011-12-19	8387	1
2011-12-19	8417	249
2011-12-19	8419	247
2011-12-19	12416	1
2011-12-19	12448	247
2011-12-19	12480	1
2011-12-20	69	287
2011-12-20	70	288
2011-12-20	71	288
2011-12-20	134	288
2011-12-20	165	288
2011-12-20	166	288
2011-12-20	167	288
2011-12-20	168	288
2011-12-20	229	287
2011-12-20	230	288
2011-12-20	231	288
2011-12-20	232	288
2011-12-20	8257	288
2011-12-20	8258	288
2011-12-20	8259	288
2011-12-20	8417	288
2011-12-20	8419	288
2011-12-20	12448	287
2011-12-21	69	288
2011-12-21	70	286
2011-12-21	71	288
2011-12-21	134	288
2011-12-21	165	288
2011-12-21	166	288
2011-12-21	167	288
2011-12-21	168	288
2011-12-21	229	288
2011-12-21	230	288
2011-12-21	231	288
2011-12-21	232	288
2011-12-21	8257	288
2011-12-21	8258	288
2011-12-21	8259	288
2011-12-21	8417	287
2011-12-21	8419	288
2011-12-21	12448	288
2011-12-22	69	288
2011-12-22	70	288
2011-12-22	71	288
2011-12-22	134	288
2011-12-22	165	288
2011-12-22	166	287
2011-12-22	167	288
2011-12-22	168	288
2011-12-22	229	287
2011-12-22	230	288
2011-12-22	231	288
2011-12-22	232	288
2011-12-22	8257	288
2011-12-22	8258	287
2011-12-22	8259	288
2011-12-22	8417	288
2011-12-22	8419	288
2011-12-22	12448	288
2011-12-23	69	287
2011-12-23	70	287
2011-12-23	71	288
2011-12-23	133	7
2011-12-23	134	288
2011-12-23	135	8
2011-12-23	136	7
2011-12-23	165	288
2011-12-23	166	288
2011-12-23	167	288
2011-12-23	168	288
2011-12-23	229	288
2011-12-23	230	288
2011-12-23	231	288
2011-12-23	232	288
2011-12-23	4228	6
2011-12-23	8257	288
2011-12-23	8258	288
2011-12-23	8259	288
2011-12-23	8321	7
2011-12-23	8322	7
2011-12-23	8323	6
2011-12-23	8417	288
2011-12-23	8419	287
2011-12-23	12448	288
2011-12-24	69	287
2011-12-24	70	288
2011-12-24	71	287
2011-12-24	134	288
2011-12-24	165	288
2011-12-24	166	288
2011-12-24	167	288
2011-12-24	168	288
2011-12-24	197	159
2011-12-24	198	159
2011-12-24	199	159
2011-12-24	200	159
2011-12-24	229	288
2011-12-24	230	288
2011-12-24	231	288
2011-12-24	232	287
2011-12-24	4292	159
2011-12-24	8257	288
2011-12-24	8258	288
2011-12-24	8259	288
2011-12-24	8386	158
2011-12-24	8387	159
2011-12-24	8417	288
2011-12-24	8419	288
2011-12-24	12448	288
2011-12-24	12480	159
2011-12-25	69	288
2011-12-25	70	288
2011-12-25	71	288
2011-12-25	134	288
2011-12-25	165	288
2011-12-25	166	288
2011-12-25	167	288
2011-12-25	168	288
2011-12-25	197	217
2011-12-25	198	205
2011-12-25	199	227
2011-12-25	200	215
2011-12-25	229	288
2011-12-25	230	288
2011-12-25	231	288
2011-12-25	232	288
2011-12-25	4292	229
2011-12-25	8257	288
2011-12-25	8258	288
2011-12-25	8259	288
2011-12-25	8386	231
2011-12-25	8387	205
2011-12-25	8417	288
2011-12-25	8419	288
2011-12-25	12448	287
2011-12-25	12480	204
2011-12-26	69	288
2011-12-26	70	287
2011-12-26	71	288
2011-12-26	134	288
2011-12-26	165	288
2011-12-26	166	288
2011-12-26	167	288
2011-12-26	168	288
2011-12-26	197	184
2011-12-26	198	123
2011-12-26	199	218
2011-12-26	200	184
2011-12-26	229	288
2011-12-26	230	287
2011-12-26	231	288
2011-12-26	232	288
2011-12-26	4292	207
2011-12-26	8257	288
2011-12-26	8258	288
2011-12-26	8259	288
2011-12-26	8386	193
2011-12-26	8387	149
2011-12-26	8417	288
2011-12-26	8419	288
2011-12-26	12448	287
2011-12-26	12480	133
2011-12-27	69	287
2011-12-27	70	288
2011-12-27	71	288
2011-12-27	134	288
2011-12-27	165	288
2011-12-27	166	288
2011-12-27	167	288
2011-12-27	168	288
2011-12-27	197	220
2011-12-27	198	236
2011-12-27	199	220
2011-12-27	200	221
2011-12-27	229	288
2011-12-27	230	288
2011-12-27	231	288
2011-12-27	232	288
2011-12-27	4292	219
2011-12-27	8257	288
2011-12-27	8258	288
2011-12-27	8259	288
2011-12-27	8386	221
2011-12-27	8387	241
2011-12-27	8417	288
2011-12-27	8419	288
2011-12-27	12448	288
2011-12-27	12480	233
2011-12-28	69	288
2011-12-28	70	286
2011-12-28	71	288
2011-12-28	134	288
2011-12-28	165	288
2011-12-28	166	288
2011-12-28	167	288
2011-12-28	168	288
2011-12-28	197	252
2011-12-28	198	235
2011-12-28	199	260
2011-12-28	200	250
2011-12-28	229	288
2011-12-28	230	288
2011-12-28	231	288
2011-12-28	232	288
2011-12-28	4292	260
2011-12-28	8257	288
2011-12-28	8258	288
2011-12-28	8259	287
2011-12-28	8386	265
2011-12-28	8387	239
2011-12-28	8417	288
2011-12-28	8419	288
2011-12-28	12448	287
2011-12-28	12480	233
2011-12-29	69	288
2011-12-29	70	288
2011-12-29	71	288
2011-12-29	134	288
2011-12-29	165	288
2011-12-29	166	288
2011-12-29	167	288
2011-12-29	168	288
2011-12-29	197	288
2011-12-29	198	287
2011-12-29	199	288
2011-12-29	200	288
2011-12-29	229	288
2011-12-29	230	288
2011-12-29	231	288
2011-12-29	232	288
2011-12-29	4292	288
2011-12-29	8257	288
2011-12-29	8258	288
2011-12-29	8259	288
2011-12-29	8386	288
2011-12-29	8387	288
2011-12-29	8417	288
2011-12-29	8419	288
2011-12-29	12448	284
2011-12-29	12480	287
2011-12-30	69	287
2011-12-30	70	288
2011-12-30	71	287
2011-12-30	134	288
2011-12-30	165	288
2011-12-30	166	288
2011-12-30	167	288
2011-12-30	168	289
2011-12-30	197	288
2011-12-30	198	288
2011-12-30	199	288
2011-12-30	200	288
2011-12-30	229	288
2011-12-30	230	288
2011-12-30	231	288
2011-12-30	232	288
2011-12-30	4292	288
2011-12-30	8257	288
2011-12-30	8258	288
2011-12-30	8259	288
2011-12-30	8386	288
2011-12-30	8387	288
2011-12-30	8417	288
2011-12-30	8419	288
2011-12-30	12448	285
2011-12-30	12480	288
2011-12-31	69	288
2011-12-31	70	288
2011-12-31	71	288
2011-12-31	134	288
2011-12-31	165	288
2011-12-31	166	288
2011-12-31	167	288
2011-12-31	168	288
2011-12-31	197	288
2011-12-31	198	287
2011-12-31	199	288
2011-12-31	200	288
2011-12-31	229	288
2011-12-31	230	288
2011-12-31	231	288
2011-12-31	232	288
2011-12-31	4292	288
2011-12-31	8257	288
2011-12-31	8258	288
2011-12-31	8259	288
2011-12-31	8386	287
2011-12-31	8387	288
2011-12-31	8417	288
2011-12-31	8419	288
2011-12-31	12448	288
2011-12-31	12480	288
2012-01-01	69	288
2012-01-01	70	288
2012-01-01	71	288
2012-01-01	133	7
2012-01-01	134	288
2012-01-01	135	8
2012-01-01	136	8
2012-01-01	165	288
2012-01-01	166	288
2012-01-01	167	288
2012-01-01	168	288
2012-01-01	197	288
2012-01-01	198	288
2012-01-01	199	288
2012-01-01	200	287
2012-01-01	229	287
2012-01-01	230	288
2012-01-01	231	288
2012-01-01	232	288
2012-01-01	4228	8
2012-01-01	4292	287
2012-01-01	8257	288
2012-01-01	8258	288
2012-01-01	8259	288
2012-01-01	8321	8
2012-01-01	8322	8
2012-01-01	8323	8
2012-01-01	8386	288
2012-01-01	8387	288
2012-01-01	8417	288
2012-01-01	8419	288
2012-01-01	12448	288
2012-01-01	12480	288
2012-01-02	69	288
2012-01-02	70	288
2012-01-02	71	288
2012-01-02	134	288
2012-01-02	165	288
2012-01-02	166	288
2012-01-02	167	288
2012-01-02	168	288
2012-01-02	197	288
2012-01-02	198	288
2012-01-02	199	288
2012-01-02	200	288
2012-01-02	229	288
2012-01-02	230	288
2012-01-02	231	288
2012-01-02	232	288
2012-01-02	4292	288
2012-01-02	8257	288
2012-01-02	8258	288
2012-01-02	8259	289
2012-01-02	8386	288
2012-01-02	8387	288
2012-01-02	8417	288
2012-01-02	8419	288
2012-01-02	12448	287
2012-01-02	12480	288
2012-01-03	69	287
2012-01-03	70	288
2012-01-03	71	288
2012-01-03	134	289
2012-01-03	165	288
2012-01-03	166	288
2012-01-03	167	288
2012-01-03	168	288
2012-01-03	197	288
2012-01-03	198	288
2012-01-03	199	288
2012-01-03	200	288
2012-01-03	229	287
2012-01-03	230	288
2012-01-03	231	288
2012-01-03	232	288
2012-01-03	4292	288
2012-01-03	8257	288
2012-01-03	8258	288
2012-01-03	8259	288
2012-01-03	8386	288
2012-01-03	8387	288
2012-01-03	8417	288
2012-01-03	8419	288
2012-01-03	12448	288
2012-01-03	12480	288
2012-01-04	69	285
2012-01-04	70	288
2012-01-04	71	288
2012-01-04	134	288
2012-01-04	165	288
2012-01-04	166	288
2012-01-04	167	288
2012-01-04	168	288
2012-01-04	197	281
2012-01-04	198	281
2012-01-04	199	281
2012-01-04	200	280
2012-01-04	229	287
2012-01-04	230	287
2012-01-04	231	288
2012-01-04	232	288
2012-01-04	4292	174
2012-01-04	8257	288
2012-01-04	8258	288
2012-01-04	8259	288
2012-01-04	8386	172
2012-01-04	8387	172
2012-01-04	8417	287
2012-01-04	8419	286
2012-01-04	12448	288
2012-01-04	12480	173
2012-01-05	69	288
2012-01-05	70	288
2012-01-05	71	288
2012-01-05	134	288
2012-01-05	165	288
2012-01-05	166	288
2012-01-05	167	287
2012-01-05	168	288
2012-01-05	197	288
2012-01-05	198	288
2012-01-05	199	288
2012-01-05	200	288
2012-01-05	229	287
2012-01-05	230	288
2012-01-05	231	288
2012-01-05	232	288
2012-01-05	8257	288
2012-01-05	8258	288
2012-01-05	8259	287
2012-01-05	8417	288
2012-01-05	8419	287
2012-01-05	12448	288
2012-01-06	69	283
2012-01-06	70	288
2012-01-06	71	288
2012-01-06	134	288
2012-01-06	165	288
2012-01-06	166	287
2012-01-06	167	288
2012-01-06	168	288
2012-01-06	197	246
2012-01-06	198	248
2012-01-06	199	247
2012-01-06	200	247
2012-01-06	229	287
2012-01-06	230	286
2012-01-06	231	288
2012-01-06	232	288
2012-01-06	8257	288
2012-01-06	8258	288
2012-01-06	8259	288
2012-01-06	8417	288
2012-01-06	8419	286
2012-01-06	12448	287
2012-01-07	69	287
2012-01-07	70	288
2012-01-07	71	288
2012-01-07	134	288
2012-01-07	165	288
2012-01-07	166	287
2012-01-07	167	288
2012-01-07	168	288
2012-01-07	197	288
2012-01-07	198	288
2012-01-07	199	288
2012-01-07	200	286
2012-01-07	229	288
2012-01-07	230	287
2012-01-07	231	288
2012-01-07	232	288
2012-01-07	8257	288
2012-01-07	8258	288
2012-01-07	8259	288
2012-01-07	8417	288
2012-01-07	8419	288
2012-01-07	12448	287
2012-01-08	69	288
2012-01-08	70	288
2012-01-08	71	287
2012-01-08	134	288
2012-01-08	165	288
2012-01-08	166	288
2012-01-08	167	288
2012-01-08	168	288
2012-01-08	197	288
2012-01-08	198	288
2012-01-08	199	288
2012-01-08	200	288
2012-01-08	229	287
2012-01-08	230	288
2012-01-08	231	288
2012-01-08	232	288
2012-01-08	4228	7
2012-01-08	8257	288
2012-01-08	8258	288
2012-01-08	8259	288
2012-01-08	8321	8
2012-01-08	8322	7
2012-01-08	8323	8
2012-01-08	8417	288
2012-01-08	8419	288
2012-01-08	12448	287
2012-01-09	69	286
2012-01-09	70	287
2012-01-09	71	287
2012-01-09	134	288
2012-01-09	165	288
2012-01-09	166	286
2012-01-09	167	288
2012-01-09	168	288
2012-01-09	197	288
2012-01-09	198	288
2012-01-09	199	288
2012-01-09	200	288
2012-01-09	229	288
2012-01-09	230	288
2012-01-09	231	288
2012-01-09	232	288
2012-01-09	4228	7
2012-01-09	8257	288
2012-01-09	8258	287
2012-01-09	8259	288
2012-01-09	8321	7
2012-01-09	8322	6
2012-01-09	8323	7
2012-01-09	8417	288
2012-01-09	8419	287
2012-01-09	12448	288
2012-01-10	69	287
2012-01-10	70	287
2012-01-10	71	288
2012-01-10	134	288
2012-01-10	165	288
2012-01-10	166	285
2012-01-10	167	287
2012-01-10	168	288
2012-01-10	197	288
2012-01-10	198	288
2012-01-10	199	288
2012-01-10	200	288
2012-01-10	229	287
2012-01-10	230	288
2012-01-10	231	288
2012-01-10	232	288
2012-01-10	8257	288
2012-01-10	8258	288
2012-01-10	8259	288
2012-01-10	8417	287
2012-01-10	8419	286
2012-01-10	12448	286
2012-01-11	69	288
2012-01-11	70	288
2012-01-11	71	287
2012-01-11	134	288
2012-01-11	136	113
2012-01-11	165	288
2012-01-11	166	288
2012-01-11	167	288
2012-01-11	168	288
2012-01-11	197	288
2012-01-11	198	288
2012-01-11	199	288
2012-01-11	200	287
2012-01-11	229	288
2012-01-11	230	286
2012-01-11	231	288
2012-01-11	232	288
2012-01-11	8257	288
2012-01-11	8258	286
2012-01-11	8259	288
2012-01-11	8417	288
2012-01-11	8419	288
2012-01-11	12448	288
2012-01-12	69	286
2012-01-12	70	285
2012-01-12	71	288
2012-01-12	134	288
2012-01-12	136	64
2012-01-12	165	288
2012-01-12	166	288
2012-01-12	167	288
2012-01-12	168	288
2012-01-12	197	288
2012-01-12	198	288
2012-01-12	199	288
2012-01-12	200	288
2012-01-12	229	287
2012-01-12	230	288
2012-01-12	231	288
2012-01-12	232	288
2012-01-12	8257	288
2012-01-12	8258	288
2012-01-12	8259	287
2012-01-12	8417	288
2012-01-12	8419	288
2012-01-12	12448	288
2012-01-13	69	126
2012-01-13	70	125
2012-01-13	71	127
2012-01-13	134	126
2012-01-13	165	130
2012-01-13	166	130
2012-01-13	167	132
2012-01-13	168	131
2012-01-13	197	134
2012-01-13	198	135
2012-01-13	199	134
2012-01-13	200	130
2012-01-13	229	131
2012-01-13	230	134
2012-01-13	231	136
2012-01-13	232	132
2012-01-13	4228	7
2012-01-13	4260	3
2012-01-13	4324	4
2012-01-13	8257	122
2012-01-13	8258	123
2012-01-13	8259	122
2012-01-13	8354	2
2012-01-13	8355	2
2012-01-13	8417	126
2012-01-13	8418	4
2012-01-13	8419	125
2012-01-13	12416	9
2012-01-13	12448	125
2012-01-13	12480	1
2012-01-13	12512	7
2012-01-15	12416	1
2012-01-16	229	163
2012-01-16	230	164
2012-01-16	231	163
2012-01-16	232	164
2012-01-16	4324	163
2012-01-16	8418	163
2012-01-16	12512	163
2012-01-17	229	145
2012-01-17	230	145
2012-01-17	231	145
2012-01-17	232	145
2012-01-17	4324	145
2012-01-17	8418	145
2012-01-17	12512	145
2012-01-22	4228	3
2012-01-22	12416	2
2012-01-23	4228	1
2012-01-25	12416	1
2012-01-27	8355	1
2012-01-28	4228	21
2012-01-28	12416	108
2012-01-29	4228	288
2012-01-29	12416	288
2012-01-30	4228	284
2012-01-30	12416	284
2012-01-31	4228	288
2012-01-31	12416	288
2012-02-01	4228	288
2012-02-01	12416	288
2012-02-02	4228	182
2012-02-02	12416	182
2012-02-08	165	5
2012-02-08	166	5
2012-02-08	167	5
2012-02-08	168	5
2012-02-08	197	5
2012-02-08	198	5
2012-02-08	199	5
2012-02-08	200	5
2012-02-08	229	5
2012-02-08	230	5
2012-02-08	231	5
2012-02-08	232	5
2012-02-08	8417	2
2012-02-09	165	14
2012-02-09	166	13
2012-02-09	167	14
2012-02-09	168	13
2012-02-09	197	160
2012-02-09	198	162
2012-02-09	199	161
2012-02-09	200	161
2012-02-09	229	13
2012-02-09	230	14
2012-02-09	231	14
2012-02-09	232	15
2012-02-09	4260	2
2012-02-09	4292	149
2012-02-09	4324	2
2012-02-09	8386	150
2012-02-09	8387	2
2012-02-09	8417	9
2012-02-09	8418	2
2012-02-09	12448	2
2012-02-09	12512	5
2012-02-10	197	288
2012-02-10	198	288
2012-02-10	199	288
2012-02-10	200	288
2012-02-10	4292	288
2012-02-10	8386	288
2012-02-11	197	288
2012-02-11	198	288
2012-02-11	199	288
2012-02-11	200	288
2012-02-11	4292	288
2012-02-11	8386	288
2012-02-12	197	288
2012-02-12	198	288
2012-02-12	199	288
2012-02-12	200	288
2012-02-12	4292	288
2012-02-12	8386	288
2012-02-13	197	288
2012-02-13	198	288
2012-02-13	199	288
2012-02-13	200	288
2012-02-13	4292	288
2012-02-13	8386	288
2012-02-14	197	288
2012-02-14	198	288
2012-02-14	199	288
2012-02-14	200	287
2012-02-14	4292	287
2012-02-14	8386	288
2012-02-15	197	288
2012-02-15	198	288
2012-02-15	199	286
2012-02-15	200	288
2012-02-15	4292	288
2012-02-15	8386	288
2012-02-16	197	287
2012-02-16	198	288
2012-02-16	199	287
2012-02-16	200	288
2012-02-16	4292	287
2012-02-16	8386	287
2012-02-17	197	288
2012-02-17	198	288
2012-02-17	199	288
2012-02-17	200	288
2012-02-17	4292	288
2012-02-17	8386	288
2012-02-18	197	288
2012-02-18	198	288
2012-02-18	199	288
2012-02-18	200	288
2012-02-18	4292	288
2012-02-18	8386	288
2012-02-19	197	288
2012-02-19	198	288
2012-02-19	199	288
2012-02-19	200	288
2012-02-19	4292	288
2012-02-19	8386	288
2012-02-20	197	288
2012-02-20	198	288
2012-02-20	199	288
2012-02-20	200	288
2012-02-20	4292	288
2012-02-20	8386	288
2012-02-21	197	288
2012-02-21	198	288
2012-02-21	199	287
2012-02-21	200	288
2012-02-21	4292	288
2012-02-21	8386	288
2012-02-22	197	288
2012-02-22	198	288
2012-02-22	199	288
2012-02-22	200	288
2012-02-22	4292	288
2012-02-22	8386	288
2012-02-23	197	190
2012-02-23	198	190
2012-02-23	199	191
2012-02-23	200	190
2012-02-23	229	6
2012-02-23	230	6
2012-02-23	231	6
2012-02-23	232	6
2012-02-23	4292	190
2012-02-23	8386	190
2012-03-02	69	1
2012-03-02	70	1
2012-03-02	71	1
2012-03-02	101	2
2012-03-02	102	2
2012-03-02	103	2
2012-03-02	104	2
2012-03-02	165	26
2012-03-02	166	20
2012-03-02	167	19
2012-03-02	168	26
2012-03-02	197	22
2012-03-02	198	23
2012-03-02	199	23
2012-03-02	200	31
2012-03-02	229	17
2012-03-02	230	1
2012-03-02	231	1
2012-03-02	232	2
2012-03-02	4164	3
2012-03-02	4196	3
2012-03-02	4228	2
2012-03-02	4260	2
2012-03-02	4292	8
2012-03-02	4324	4
2012-03-02	8257	3
2012-03-02	8258	3
2012-03-02	8259	3
2012-03-02	8289	3
2012-03-02	8290	3
2012-03-02	8291	3
2012-03-02	8321	2
2012-03-02	8322	2
2012-03-02	8323	2
2012-03-02	8353	1
2012-03-02	8354	2
2012-03-02	8355	2
2012-03-02	8385	8
2012-03-02	8386	8
2012-03-02	8387	8
2012-03-02	8417	4
2012-03-02	8418	4
2012-03-02	8419	3
2012-03-02	12384	3
2012-03-02	12416	2
2012-03-02	12448	1
2012-03-02	12480	8
2012-03-02	12512	4
2012-03-08	165	4
2012-03-08	166	4
2012-03-08	167	4
2012-03-08	168	3
2012-03-08	197	4
2012-03-08	198	4
2012-03-08	199	3
2012-03-08	200	4
2012-03-08	229	5
2012-03-08	230	4
2012-03-08	231	4
2012-03-08	232	4
2012-03-08	8417	2
2012-03-08	8418	2
2012-03-08	8419	3
2012-03-08	12512	4
2012-03-10	229	62
2012-03-10	230	61
2012-03-10	231	62
2012-03-10	232	62
2012-03-10	4324	61
2012-03-10	8417	61
2012-03-10	8418	62
2012-03-10	8419	62
2012-03-10	12512	62
2012-03-11	229	131
2012-03-11	230	130
2012-03-11	231	131
2012-03-11	232	131
2012-03-11	4324	131
2012-03-11	8417	131
2012-03-11	8418	131
2012-03-11	8419	131
2012-03-11	12512	131
2012-03-21	101	183
2012-03-21	102	183
2012-03-21	103	184
2012-03-21	104	183
2012-03-21	133	1
2012-03-21	134	2
2012-03-21	135	2
2012-03-21	136	2
2012-03-21	165	184
2012-03-21	166	183
2012-03-21	167	184
2012-03-21	168	184
2012-03-21	197	184
2012-03-21	198	184
2012-03-21	199	183
2012-03-21	200	184
2012-03-21	4196	183
2012-03-21	4260	183
2012-03-21	4292	180
2012-03-21	12384	182
2012-03-21	12416	2
2012-03-21	12448	184
2012-03-21	12480	184
2012-03-22	101	287
2012-03-22	102	285
2012-03-22	103	286
2012-03-22	104	286
2012-03-22	165	287
2012-03-22	166	285
2012-03-22	167	287
2012-03-22	168	287
2012-03-22	197	286
2012-03-22	198	286
2012-03-22	199	285
2012-03-22	200	286
2012-03-22	4196	286
2012-03-22	4260	286
2012-03-22	4292	285
2012-03-22	12384	285
2012-03-22	12448	283
2012-03-22	12480	286
2012-03-23	101	246
2012-03-23	102	245
2012-03-23	103	244
2012-03-23	104	244
2012-03-23	165	248
2012-03-23	166	245
2012-03-23	167	247
2012-03-23	168	244
2012-03-23	197	247
2012-03-23	198	251
2012-03-23	199	248
2012-03-23	200	246
2012-03-23	4196	246
2012-03-23	4260	246
2012-03-23	4292	247
2012-03-23	12384	247
2012-03-23	12448	243
2012-03-23	12480	248
2012-03-24	101	106
2012-03-24	102	117
2012-03-24	103	107
2012-03-24	104	114
2012-03-24	165	110
2012-03-24	166	118
2012-03-24	167	108
2012-03-24	168	119
2012-03-24	197	106
2012-03-24	198	107
2012-03-24	199	109
2012-03-24	200	113
2012-03-24	4196	112
2012-03-24	4260	119
2012-03-24	4292	107
2012-03-24	12384	106
2012-03-24	12448	117
2012-03-24	12480	115
2012-03-25	101	278
2012-03-25	102	281
2012-03-25	103	279
2012-03-25	104	279
2012-03-25	165	279
2012-03-25	166	278
2012-03-25	167	280
2012-03-25	168	279
2012-03-25	197	277
2012-03-25	198	278
2012-03-25	199	278
2012-03-25	200	278
2012-03-25	4196	279
2012-03-25	4260	279
2012-03-25	4292	279
2012-03-25	12384	278
2012-03-25	12448	280
2012-03-25	12480	278
2012-03-26	101	288
2012-03-26	102	288
2012-03-26	103	288
2012-03-26	104	286
2012-03-26	165	288
2012-03-26	166	288
2012-03-26	167	288
2012-03-26	168	288
2012-03-26	197	288
2012-03-26	198	288
2012-03-26	199	288
2012-03-26	200	288
2012-03-26	4196	288
2012-03-26	4260	288
2012-03-26	4292	288
2012-03-26	12384	287
2012-03-26	12448	288
2012-03-26	12480	288
2012-03-27	101	262
2012-03-27	102	263
2012-03-27	103	265
2012-03-27	104	264
2012-03-27	165	263
2012-03-27	166	263
2012-03-27	167	262
2012-03-27	168	263
2012-03-27	197	262
2012-03-27	198	263
2012-03-27	199	263
2012-03-27	200	263
2012-03-27	4196	262
2012-03-27	4260	262
2012-03-27	4292	263
2012-03-27	12384	261
2012-03-27	12448	263
2012-03-27	12480	262
2012-03-28	101	233
2012-03-28	102	235
2012-03-28	103	235
2012-03-28	104	235
2012-03-28	133	1
2012-03-28	134	1
2012-03-28	135	1
2012-03-28	136	1
2012-03-28	165	235
2012-03-28	166	235
2012-03-28	167	236
2012-03-28	168	236
2012-03-28	197	235
2012-03-28	198	235
2012-03-28	199	235
2012-03-28	200	234
2012-03-28	229	10
2012-03-28	230	9
2012-03-28	231	9
2012-03-28	232	9
2012-03-28	4196	236
2012-03-28	4260	236
2012-03-28	4292	235
2012-03-28	8417	9
2012-03-28	8418	9
2012-03-28	8419	9
2012-03-28	12384	236
2012-03-28	12448	235
2012-03-28	12480	235
2012-03-28	12512	9
2012-03-29	101	288
2012-03-29	102	286
2012-03-29	103	288
2012-03-29	104	287
2012-03-29	165	288
2012-03-29	166	287
2012-03-29	167	287
2012-03-29	168	287
2012-03-29	197	288
2012-03-29	198	288
2012-03-29	199	287
2012-03-29	200	288
2012-03-29	4196	286
2012-03-29	4260	287
2012-03-29	4292	287
2012-03-29	12384	288
2012-03-29	12448	288
2012-03-29	12480	288
2012-03-30	101	288
2012-03-30	102	288
2012-03-30	103	288
2012-03-30	104	288
2012-03-30	165	288
2012-03-30	166	288
2012-03-30	167	288
2012-03-30	168	288
2012-03-30	197	288
2012-03-30	198	288
2012-03-30	199	279
2012-03-30	200	287
2012-03-30	4196	288
2012-03-30	4260	288
2012-03-30	4292	287
2012-03-30	12384	287
2012-03-30	12448	288
2012-03-30	12480	287
2012-03-31	101	288
2012-03-31	102	287
2012-03-31	103	288
2012-03-31	104	288
2012-03-31	165	288
2012-03-31	166	288
2012-03-31	167	288
2012-03-31	168	288
2012-03-31	197	288
2012-03-31	198	287
2012-03-31	199	288
2012-03-31	200	288
2012-03-31	4196	287
2012-03-31	4260	288
2012-03-31	4292	288
2012-03-31	12384	288
2012-03-31	12448	288
2012-03-31	12480	288
2012-04-01	101	288
2012-04-01	102	287
2012-04-01	103	288
2012-04-01	104	288
2012-04-01	165	288
2012-04-01	166	287
2012-04-01	167	288
2012-04-01	168	288
2012-04-01	197	288
2012-04-01	198	288
2012-04-01	199	280
2012-04-01	200	288
2012-04-01	4196	288
2012-04-01	4260	288
2012-04-01	4292	287
2012-04-01	12384	288
2012-04-01	12448	287
2012-04-01	12480	288
2012-04-02	101	287
2012-04-02	102	288
2012-04-02	103	288
2012-04-02	104	288
2012-04-02	165	288
2012-04-02	166	288
2012-04-02	167	288
2012-04-02	168	288
2012-04-02	197	287
2012-04-02	198	288
2012-04-02	199	285
2012-04-02	200	288
2012-04-02	4196	288
2012-04-02	4260	288
2012-04-02	4292	287
2012-04-02	12384	287
2012-04-02	12448	288
2012-04-02	12480	288
2012-04-03	101	288
2012-04-03	102	288
2012-04-03	103	288
2012-04-03	104	287
2012-04-03	165	288
2012-04-03	166	288
2012-04-03	167	288
2012-04-03	168	288
2012-04-03	197	288
2012-04-03	198	288
2012-04-03	199	211
2012-04-03	200	288
2012-04-03	4196	288
2012-04-03	4260	288
2012-04-03	4292	288
2012-04-03	12384	288
2012-04-03	12448	288
2012-04-03	12480	288
2012-04-04	101	288
2012-04-04	102	288
2012-04-04	103	288
2012-04-04	104	287
2012-04-04	165	288
2012-04-04	166	288
2012-04-04	167	288
2012-04-04	168	288
2012-04-04	197	259
2012-04-04	198	175
2012-04-04	199	135
2012-04-04	200	259
2012-04-04	4196	288
2012-04-04	4260	288
2012-04-04	4292	282
2012-04-04	12384	288
2012-04-04	12416	1
2012-04-04	12448	288
2012-04-04	12480	286
2012-04-05	101	288
2012-04-05	102	288
2012-04-05	103	288
2012-04-05	104	287
2012-04-05	165	288
2012-04-05	166	288
2012-04-05	167	288
2012-04-05	168	288
2012-04-05	197	288
2012-04-05	198	253
2012-04-05	199	246
2012-04-05	200	288
2012-04-05	4196	288
2012-04-05	4260	288
2012-04-05	4292	288
2012-04-05	12384	288
2012-04-05	12448	288
2012-04-05	12480	288
2012-04-06	101	288
2012-04-06	102	288
2012-04-06	103	288
2012-04-06	104	288
2012-04-06	165	288
2012-04-06	166	287
2012-04-06	167	288
2012-04-06	168	288
2012-04-06	197	287
2012-04-06	198	288
2012-04-06	199	288
2012-04-06	200	288
2012-04-06	4196	288
2012-04-06	4260	288
2012-04-06	4292	288
2012-04-06	12384	288
2012-04-06	12448	288
2012-04-06	12480	288
2012-04-07	101	288
2012-04-07	102	288
2012-04-07	103	288
2012-04-07	104	288
2012-04-07	165	288
2012-04-07	166	288
2012-04-07	167	288
2012-04-07	168	288
2012-04-07	197	288
2012-04-07	198	287
2012-04-07	199	287
2012-04-07	200	288
2012-04-07	4196	288
2012-04-07	4260	288
2012-04-07	4292	287
2012-04-07	12384	288
2012-04-07	12448	288
2012-04-07	12480	288
2012-04-08	101	288
2012-04-08	102	288
2012-04-08	103	288
2012-04-08	104	288
2012-04-08	165	288
2012-04-08	166	288
2012-04-08	167	288
2012-04-08	168	288
2012-04-08	197	288
2012-04-08	198	288
2012-04-08	199	284
2012-04-08	200	287
2012-04-08	4196	288
2012-04-08	4260	288
2012-04-08	4292	288
2012-04-08	12384	287
2012-04-08	12448	288
2012-04-08	12480	288
2012-04-09	101	288
2012-04-09	102	288
2012-04-09	103	288
2012-04-09	104	287
2012-04-09	165	288
2012-04-09	166	288
2012-04-09	167	288
2012-04-09	168	288
2012-04-09	197	288
2012-04-09	198	288
2012-04-09	199	288
2012-04-09	200	288
2012-04-09	4196	287
2012-04-09	4260	288
2012-04-09	4292	287
2012-04-09	12384	288
2012-04-09	12448	288
2012-04-09	12480	288
2012-04-10	101	288
2012-04-10	102	288
2012-04-10	103	288
2012-04-10	104	288
2012-04-10	165	288
2012-04-10	166	288
2012-04-10	167	288
2012-04-10	168	288
2012-04-10	197	288
2012-04-10	198	288
2012-04-10	199	288
2012-04-10	200	288
2012-04-10	4196	288
2012-04-10	4260	288
2012-04-10	4292	288
2012-04-10	12384	288
2012-04-10	12448	288
2012-04-10	12480	288
2012-04-11	101	288
2012-04-11	102	288
2012-04-11	103	288
2012-04-11	104	288
2012-04-11	165	288
2012-04-11	166	287
2012-04-11	167	288
2012-04-11	168	288
2012-04-11	197	288
2012-04-11	198	288
2012-04-11	199	288
2012-04-11	200	288
2012-04-11	4196	287
2012-04-11	4260	288
2012-04-11	4292	288
2012-04-11	12384	287
2012-04-11	12448	288
2012-04-11	12480	288
2012-04-12	101	288
2012-04-12	102	288
2012-04-12	103	288
2012-04-12	104	288
2012-04-12	165	288
2012-04-12	166	288
2012-04-12	167	288
2012-04-12	168	288
2012-04-12	197	288
2012-04-12	198	288
2012-04-12	199	288
2012-04-12	200	288
2012-04-12	4196	288
2012-04-12	4260	288
2012-04-12	4292	288
2012-04-12	12384	288
2012-04-12	12448	288
2012-04-12	12480	288
2012-04-13	101	287
2012-04-13	102	288
2012-04-13	103	288
2012-04-13	104	287
2012-04-13	165	288
2012-04-13	166	288
2012-04-13	167	288
2012-04-13	168	288
2012-04-13	197	154
2012-04-13	198	154
2012-04-13	199	154
2012-04-13	200	154
2012-04-13	4196	288
2012-04-13	4260	288
2012-04-13	4292	153
2012-04-13	12384	288
2012-04-13	12448	288
2012-04-13	12480	153
2012-04-14	101	287
2012-04-14	102	288
2012-04-14	103	288
2012-04-14	104	288
2012-04-14	165	288
2012-04-14	166	288
2012-04-14	167	288
2012-04-14	168	288
2012-04-14	4196	288
2012-04-14	4260	288
2012-04-14	12384	288
2012-04-14	12448	288
2012-04-15	101	288
2012-04-15	102	288
2012-04-15	103	287
2012-04-15	104	288
2012-04-15	165	288
2012-04-15	166	288
2012-04-15	167	288
2012-04-15	168	288
2012-04-15	4196	288
2012-04-15	4260	288
2012-04-15	12384	288
2012-04-15	12448	288
2012-04-16	101	287
2012-04-16	102	288
2012-04-16	103	287
2012-04-16	104	287
2012-04-16	165	288
2012-04-16	166	286
2012-04-16	167	288
2012-04-16	168	288
2012-04-16	4196	288
2012-04-16	4260	288
2012-04-16	12384	288
2012-04-16	12448	288
2012-04-17	101	288
2012-04-17	102	288
2012-04-17	103	288
2012-04-17	104	288
2012-04-17	165	288
2012-04-17	166	287
2012-04-17	167	288
2012-04-17	168	288
2012-04-17	4196	287
2012-04-17	4260	288
2012-04-17	12384	288
2012-04-17	12448	288
2012-04-18	101	287
2012-04-18	102	288
2012-04-18	103	287
2012-04-18	104	288
2012-04-18	165	288
2012-04-18	166	288
2012-04-18	167	288
2012-04-18	168	288
2012-04-18	4196	288
2012-04-18	4260	288
2012-04-18	12384	288
2012-04-18	12448	288
2012-04-19	101	288
2012-04-19	102	288
2012-04-19	103	288
2012-04-19	104	288
2012-04-19	165	288
2012-04-19	166	288
2012-04-19	167	288
2012-04-19	168	288
2012-04-19	4196	288
2012-04-19	4260	288
2012-04-19	12384	287
2012-04-19	12448	288
2012-04-20	101	288
2012-04-20	102	288
2012-04-20	103	288
2012-04-20	104	288
2012-04-20	165	288
2012-04-20	166	286
2012-04-20	167	288
2012-04-20	168	289
2012-04-20	4196	288
2012-04-20	4260	288
2012-04-20	12384	288
2012-04-20	12448	288
2012-04-21	101	288
2012-04-21	102	287
2012-04-21	103	288
2012-04-21	104	288
2012-04-21	165	288
2012-04-21	166	288
2012-04-21	167	289
2012-04-21	168	288
2012-04-21	4196	288
2012-04-21	4260	288
2012-04-21	12384	288
2012-04-21	12448	288
2012-04-22	101	288
2012-04-22	102	288
2012-04-22	103	288
2012-04-22	104	288
2012-04-22	165	288
2012-04-22	166	288
2012-04-22	167	288
2012-04-22	168	288
2012-04-22	4196	288
2012-04-22	4260	288
2012-04-22	12384	287
2012-04-22	12448	287
2012-04-23	101	288
2012-04-23	102	287
2012-04-23	103	288
2012-04-23	104	288
2012-04-23	165	288
2012-04-23	166	288
2012-04-23	167	288
2012-04-23	168	288
2012-04-23	4196	288
2012-04-23	4260	288
2012-04-23	12384	288
2012-04-23	12448	288
2012-04-24	101	287
2012-04-24	102	288
2012-04-24	103	288
2012-04-24	104	287
2012-04-24	165	289
2012-04-24	166	288
2012-04-24	167	288
2012-04-24	168	288
2012-04-24	4196	287
2012-04-24	4260	288
2012-04-24	12384	288
2012-04-24	12448	288
2012-04-25	101	288
2012-04-25	102	288
2012-04-25	103	288
2012-04-25	104	288
2012-04-25	165	288
2012-04-25	166	288
2012-04-25	167	288
2012-04-25	168	288
2012-04-25	4196	288
2012-04-25	4260	288
2012-04-25	12384	288
2012-04-25	12448	288
2012-04-26	101	287
2012-04-26	102	288
2012-04-26	103	288
2012-04-26	104	288
2012-04-26	165	288
2012-04-26	166	289
2012-04-26	167	288
2012-04-26	168	288
2012-04-26	4196	288
2012-04-26	4260	288
2012-04-26	12384	288
2012-04-26	12448	288
2012-04-27	101	286
2012-04-27	102	286
2012-04-27	103	285
2012-04-27	104	286
2012-04-27	165	285
2012-04-27	166	285
2012-04-27	167	285
2012-04-27	168	285
2012-04-27	4196	286
2012-04-27	4260	286
2012-04-27	12384	286
2012-04-27	12448	286
2012-04-28	101	288
2012-04-28	102	288
2012-04-28	103	288
2012-04-28	104	288
2012-04-28	165	288
2012-04-28	166	286
2012-04-28	167	288
2012-04-28	168	288
2012-04-28	4196	288
2012-04-28	4260	288
2012-04-28	12384	288
2012-04-28	12448	287
2012-04-29	101	288
2012-04-29	102	288
2012-04-29	103	287
2012-04-29	104	287
2012-04-29	165	288
2012-04-29	166	288
2012-04-29	167	288
2012-04-29	168	288
2012-04-29	4196	288
2012-04-29	4260	288
2012-04-29	12384	288
2012-04-29	12448	288
2012-04-30	101	288
2012-04-30	102	287
2012-04-30	103	288
2012-04-30	104	288
2012-04-30	165	288
2012-04-30	166	287
2012-04-30	167	288
2012-04-30	168	288
2012-04-30	4196	288
2012-04-30	4260	288
2012-04-30	12384	286
2012-04-30	12448	288
2012-05-01	101	288
2012-05-01	102	288
2012-05-01	103	288
2012-05-01	104	288
2012-05-01	165	288
2012-05-01	166	288
2012-05-01	167	288
2012-05-01	168	288
2012-05-01	4196	288
2012-05-01	4260	288
2012-05-01	12384	288
2012-05-01	12448	288
2012-05-02	101	288
2012-05-02	102	287
2012-05-02	103	288
2012-05-02	104	288
2012-05-02	165	288
2012-05-02	166	288
2012-05-02	167	288
2012-05-02	168	288
2012-05-02	4196	288
2012-05-02	4260	288
2012-05-02	12384	288
2012-05-02	12448	288
2012-05-03	101	287
2012-05-03	102	288
2012-05-03	103	288
2012-05-03	104	288
2012-05-03	165	288
2012-05-03	166	286
2012-05-03	167	288
2012-05-03	168	288
2012-05-03	4196	288
2012-05-03	4260	288
2012-05-03	12384	288
2012-05-03	12448	288
2012-05-04	101	288
2012-05-04	102	288
2012-05-04	103	288
2012-05-04	104	288
2012-05-04	165	288
2012-05-04	166	288
2012-05-04	167	288
2012-05-04	168	288
2012-05-04	4196	288
2012-05-04	4260	288
2012-05-04	12384	287
2012-05-04	12448	288
2012-05-05	101	288
2012-05-05	102	288
2012-05-05	103	288
2012-05-05	104	286
2012-05-05	165	288
2012-05-05	166	287
2012-05-05	167	288
2012-05-05	168	288
2012-05-05	4196	288
2012-05-05	4260	288
2012-05-05	12384	214
2012-05-05	12448	288
2012-05-06	101	287
2012-05-06	102	288
2012-05-06	103	288
2012-05-06	104	288
2012-05-06	165	288
2012-05-06	166	288
2012-05-06	167	288
2012-05-06	168	288
2012-05-06	4196	288
2012-05-06	4260	288
2012-05-06	12448	288
2012-05-07	101	288
2012-05-07	102	287
2012-05-07	103	288
2012-05-07	104	287
2012-05-07	165	288
2012-05-07	166	288
2012-05-07	167	288
2012-05-07	168	288
2012-05-07	4196	288
2012-05-07	4260	288
2012-05-07	12448	288
2012-05-08	101	288
2012-05-08	102	288
2012-05-08	103	288
2012-05-08	104	288
2012-05-08	165	288
2012-05-08	166	288
2012-05-08	167	288
2012-05-08	168	288
2012-05-08	4196	287
2012-05-08	4260	288
2012-05-08	12448	288
2012-05-09	101	288
2012-05-09	102	288
2012-05-09	103	288
2012-05-09	104	288
2012-05-09	165	288
2012-05-09	166	288
2012-05-09	167	288
2012-05-09	168	288
2012-05-09	4196	288
2012-05-09	4260	287
2012-05-09	12448	288
2012-05-10	101	288
2012-05-10	102	288
2012-05-10	103	288
2012-05-10	104	288
2012-05-10	165	288
2012-05-10	166	287
2012-05-10	167	288
2012-05-10	168	288
2012-05-10	4196	288
2012-05-10	4260	288
2012-05-10	12448	288
2012-05-11	101	288
2012-05-11	102	288
2012-05-11	103	288
2012-05-11	104	288
2012-05-11	165	288
2012-05-11	166	288
2012-05-11	167	288
2012-05-11	168	288
2012-05-11	4196	288
2012-05-11	4260	288
2012-05-11	12448	287
2012-05-12	101	288
2012-05-12	102	288
2012-05-12	103	288
2012-05-12	104	287
2012-05-12	165	287
2012-05-12	166	286
2012-05-12	167	288
2012-05-12	168	288
2012-05-12	4196	288
2012-05-12	4260	288
2012-05-12	12448	288
2012-05-13	101	288
2012-05-13	102	288
2012-05-13	103	287
2012-05-13	104	286
2012-05-13	165	288
2012-05-13	166	288
2012-05-13	167	288
2012-05-13	168	288
2012-05-13	4196	288
2012-05-13	4260	288
2012-05-13	12448	288
2012-05-14	101	288
2012-05-14	102	288
2012-05-14	103	287
2012-05-14	104	288
2012-05-14	165	287
2012-05-14	166	288
2012-05-14	167	288
2012-05-14	168	288
2012-05-14	4196	288
2012-05-14	4260	288
2012-05-14	12448	288
2012-05-15	101	82
2012-05-15	102	81
2012-05-15	103	81
2012-05-15	104	80
2012-05-15	165	82
2012-05-15	166	81
2012-05-15	167	82
2012-05-15	168	82
2012-05-15	4196	81
2012-05-15	4260	82
2012-05-15	12448	82
