9025,"2011-09-26 00:03:16",546.631
9025,"2011-09-26 00:08:18",550.659
9025,"2011-09-26 00:13:16",558.716
9025,"2011-09-26 00:18:17",554.688
9025,"2011-09-26 00:23:15",554.688
9025,"2011-09-26 00:28:16",554.688
9025,"2011-09-26 00:33:16",546.631
9025,"2011-09-26 00:38:16",554.688
9025,"2011-09-26 00:43:16",550.659
9025,"2011-09-26 00:48:19",558.716
9025,"2011-09-26 00:53:15",554.688
9025,"2011-09-26 00:58:16",554.688
9025,"2011-09-26 01:03:16",554.688
9025,"2011-09-26 01:08:16",558.716
9025,"2011-09-26 01:13:16",558.716
9025,"2011-09-26 01:18:22",546.631
9025,"2011-09-26 01:23:15",550.659
9025,"2011-09-26 01:28:15",554.688
9025,"2011-09-26 01:33:15",550.659
9025,"2011-09-26 01:38:15",558.716
9025,"2011-09-26 01:43:15",554.688
9025,"2011-09-26 01:48:16",554.688
9025,"2011-09-26 01:53:15",558.716
9025,"2011-09-26 01:58:15",558.716
9025,"2011-09-26 02:03:16",558.716
9025,"2011-09-26 02:08:15",558.716
9025,"2011-09-26 02:13:15",558.716
9025,"2011-09-26 02:18:15",550.659
9025,"2011-09-26 02:23:15",554.688
9025,"2011-09-26 02:28:15",550.659
9025,"2011-09-26 02:33:15",562.744
9025,"2011-09-26 02:38:15",550.659
9025,"2011-09-26 02:43:15",554.688
9025,"2011-09-26 02:48:15",558.716
9025,"2011-09-26 02:53:15",550.659
9025,"2011-09-26 02:58:14",554.688
9025,"2011-09-26 03:03:17",562.744
9025,"2011-09-26 03:08:14",550.659
9025,"2011-09-26 03:13:17",546.631
9025,"2011-09-26 03:18:14",558.716
9025,"2011-09-26 03:23:15",558.716
9025,"2011-09-26 03:28:15",558.716
9025,"2011-09-26 03:33:17",550.659
9025,"2011-09-26 03:38:15",554.688
9025,"2011-09-26 03:43:14",558.716
9025,"2011-09-26 03:48:15",558.716
9025,"2011-09-26 03:53:14",550.659
9025,"2011-09-26 03:58:14",554.688
9025,"2011-09-26 04:03:15",558.716
9025,"2011-09-26 04:08:14",562.744
9025,"2011-09-26 04:13:14",546.631
9025,"2011-09-26 04:18:16",558.716
9025,"2011-09-26 04:23:14",554.688
9025,"2011-09-26 04:28:14",562.744
9025,"2011-09-26 04:33:14",554.688
9025,"2011-09-26 04:38:14",554.688
9025,"2011-09-26 04:43:14",562.744
9025,"2011-09-26 04:48:14",566.772
9025,"2011-09-26 04:53:14",558.716
9025,"2011-09-26 04:58:15",566.772
9025,"2011-09-26 05:03:15",562.744
9025,"2011-09-26 05:08:14",562.744
9025,"2011-09-26 05:13:15",558.716
9025,"2011-09-26 05:18:14",562.744
9025,"2011-09-26 05:23:14",562.744
9025,"2011-09-26 05:28:14",562.744
9025,"2011-09-26 05:33:13",570.801
9025,"2011-09-26 05:38:14",566.772
9025,"2011-09-26 05:43:14",558.716
9025,"2011-09-26 05:48:14",566.772
9025,"2011-09-26 05:53:13",562.744
9025,"2011-09-26 05:58:17",558.716
9025,"2011-09-26 06:03:13",566.772
9025,"2011-09-26 06:08:14",570.801
9025,"2011-09-26 06:13:14",558.716
9025,"2011-09-26 06:18:13",558.716
9025,"2011-09-26 06:23:15",566.772
9025,"2011-09-26 06:28:13",566.772
9025,"2011-09-26 06:33:13",566.772
9025,"2011-09-26 06:38:13",566.772
9025,"2011-09-26 06:43:13",566.772
9025,"2011-09-26 06:48:13",574.829
9025,"2011-09-26 06:53:15",562.744
9025,"2011-09-26 06:58:13",566.772
9025,"2011-09-26 07:03:13",570.801
9025,"2011-09-26 07:08:14",570.801
9025,"2011-09-26 07:13:13",566.772
9025,"2011-09-26 07:18:13",566.772
9025,"2011-09-26 07:23:13",574.829
9025,"2011-09-26 07:28:13",574.829
9025,"2011-09-26 07:33:13",570.801
9025,"2011-09-26 07:38:13",574.829
9025,"2011-09-26 07:43:14",582.886
9025,"2011-09-26 07:48:13",570.801
9025,"2011-09-26 07:53:15",574.829
9025,"2011-09-26 07:58:13",574.829
9025,"2011-09-26 08:03:13",570.801
9025,"2011-09-26 08:08:13",574.829
9025,"2011-09-26 08:13:13",578.857
9025,"2011-09-26 08:18:13",582.886
9025,"2011-09-26 08:23:13",578.857
9025,"2011-09-26 08:28:12",578.857
9025,"2011-09-26 08:33:13",578.857
9025,"2011-09-26 08:38:13",578.857
9025,"2011-09-26 08:43:13",582.886
9025,"2011-09-26 08:48:12",578.857
9025,"2011-09-26 08:53:13",582.886
9025,"2011-09-26 08:58:12",570.801
9025,"2011-09-26 09:03:12",570.801
9025,"2011-09-26 09:08:12",586.914
9025,"2011-09-26 09:13:12",578.857
9025,"2011-09-26 09:18:12",582.886
9025,"2011-09-26 09:23:12",574.829
9025,"2011-09-26 09:28:14",570.801
9025,"2011-09-26 09:33:14",574.829
9025,"2011-09-26 09:38:13",574.829
9025,"2011-09-26 09:43:12",574.829
9025,"2011-09-26 09:48:12",566.772
9025,"2011-09-26 09:53:12",566.772
9025,"2011-09-26 09:58:12",574.829
9025,"2011-09-26 10:03:13",570.801
9025,"2011-09-26 10:08:13",566.772
9025,"2011-09-26 10:13:12",566.772
9025,"2011-09-26 10:18:12",566.772
9025,"2011-09-26 10:23:12",570.801
9025,"2011-09-26 10:28:12",562.744
9025,"2011-09-26 10:33:12",566.772
9025,"2011-09-26 10:38:12",570.801
9025,"2011-09-26 10:43:12",570.801
9025,"2011-09-26 10:48:13",570.801
9025,"2011-09-26 10:53:11",566.772
9025,"2011-09-26 10:58:11",570.801
9025,"2011-09-26 11:03:11",570.801
9025,"2011-09-26 11:08:12",574.829
9025,"2011-09-26 11:13:12",574.829
9025,"2011-09-26 11:18:11",562.744
9025,"2011-09-26 11:23:11",570.801
9025,"2011-09-26 11:28:11",570.801
9025,"2011-09-26 11:33:12",566.772
9025,"2011-09-26 11:38:11",570.801
9025,"2011-09-26 11:43:11",566.772
9025,"2011-09-26 11:48:11",574.829
9025,"2011-09-26 11:53:11",566.772
9025,"2011-09-26 11:58:11",566.772
9025,"2011-09-26 12:03:12",566.772
9025,"2011-09-26 12:08:12",570.801
9025,"2011-09-26 12:13:14",562.744
9025,"2011-09-26 12:18:12",562.744
9025,"2011-09-26 12:23:11",558.716
9025,"2011-09-26 12:28:11",566.772
9025,"2011-09-26 12:33:11",566.772
9025,"2011-09-26 12:38:11",566.772
9025,"2011-09-26 12:43:12",558.716
9025,"2011-09-26 12:48:12",566.772
9025,"2011-09-26 12:53:11",566.772
9025,"2011-09-26 12:58:11",558.716
9025,"2011-09-26 13:03:12",558.716
9025,"2011-09-26 13:08:13",558.716
9025,"2011-09-26 13:13:11",558.716
9025,"2011-09-26 13:18:11",554.688
9025,"2011-09-26 13:23:12",554.688
9025,"2011-09-26 13:28:11",550.659
9025,"2011-09-26 13:33:10",558.716
9025,"2011-09-26 13:38:12",558.716
9025,"2011-09-26 13:43:12",558.716
9025,"2011-09-26 13:48:10",558.716
9025,"2011-09-26 13:53:11",554.688
9025,"2011-09-26 13:58:10",550.659
9025,"2011-09-26 14:03:10",554.688
9025,"2011-09-26 14:08:10",554.688
9025,"2011-09-26 14:13:10",554.688
9025,"2011-09-26 14:18:10",554.688
9025,"2011-09-26 14:23:10",554.688
9025,"2011-09-26 14:28:10",554.688
9025,"2011-09-26 14:33:10",546.631
9025,"2011-09-26 14:38:10",550.659
9025,"2011-09-26 14:43:11",554.688
9025,"2011-09-26 14:48:10",546.631
9025,"2011-09-26 14:53:12",550.659
9025,"2011-09-26 14:58:10",546.631
9025,"2011-09-26 15:03:11",542.603
9025,"2011-09-26 15:08:10",550.659
9025,"2011-09-26 15:13:10",546.631
9025,"2011-09-26 15:18:10",550.659
9025,"2011-09-26 15:23:10",542.603
9025,"2011-09-26 15:28:10",554.688
9025,"2011-09-26 15:33:11",546.631
9025,"2011-09-26 15:38:10",546.631
9025,"2011-09-26 15:43:10",550.659
9025,"2011-09-26 15:48:12",542.603
9025,"2011-09-26 15:53:10",550.659
9025,"2011-09-26 15:58:10",550.659
9025,"2011-09-26 16:03:10",554.688
9025,"2011-09-26 16:08:10",546.631
9025,"2011-09-26 16:13:09",550.659
9025,"2011-09-26 16:18:09",554.688
9025,"2011-09-26 16:23:10",542.603
9025,"2011-09-26 16:28:10",554.688
9025,"2011-09-26 16:33:09",554.688
9025,"2011-09-26 16:38:09",550.659
9025,"2011-09-26 16:43:09",542.603
9025,"2011-09-26 16:48:12",558.716
9025,"2011-09-26 16:53:09",550.659
9025,"2011-09-26 16:58:09",554.688
9025,"2011-09-26 17:03:09",546.631
9025,"2011-09-26 17:08:09",550.659
9025,"2011-09-26 17:13:09",542.603
9025,"2011-09-26 17:18:09",542.603
9025,"2011-09-26 17:23:09",550.659
9025,"2011-09-26 17:28:09",546.631
9025,"2011-09-26 17:33:09",546.631
9025,"2011-09-26 17:38:09",554.688
9025,"2011-09-26 17:43:09",550.659
9025,"2011-09-26 17:48:09",554.688
9025,"2011-09-26 17:53:09",542.603
9025,"2011-09-26 17:58:09",558.716
9025,"2011-09-26 18:03:09",546.631
9025,"2011-09-26 18:08:09",542.603
9025,"2011-09-26 18:13:08",550.659
9025,"2011-09-26 18:18:09",546.631
9025,"2011-09-26 18:23:09",554.688
9025,"2011-09-26 18:28:09",546.631
9025,"2011-09-26 18:33:08",550.659
9025,"2011-09-26 18:38:09",554.688
9025,"2011-09-26 18:43:08",546.631
9025,"2011-09-26 18:48:09",554.688
9025,"2011-09-26 18:53:08",554.688
9025,"2011-09-26 18:58:10",554.688
9025,"2011-09-26 19:03:08",550.659
9025,"2011-09-26 19:08:08",554.688
9025,"2011-09-26 19:13:10",558.716
9025,"2011-09-26 19:18:08",558.716
9025,"2011-09-26 19:23:08",558.716
9025,"2011-09-26 19:28:08",562.744
9025,"2011-09-26 19:33:08",558.716
9025,"2011-09-26 19:38:08",550.659
9025,"2011-09-26 19:43:08",562.744
9025,"2011-09-26 19:48:09",566.772
9025,"2011-09-26 19:53:08",570.801
9025,"2011-09-26 19:58:08",574.829
9025,"2011-09-26 20:03:08",574.829
9025,"2011-09-26 20:08:08",574.829
9025,"2011-09-26 20:13:08",578.857
9025,"2011-09-26 20:18:08",578.857
9025,"2011-09-26 20:23:08",627.197
9025,"2011-09-26 20:28:08",619.141
9025,"2011-09-26 20:33:08",619.141
9025,"2011-09-26 20:38:08",615.112
9025,"2011-09-26 20:43:10",615.112
9025,"2011-09-26 20:48:08",615.112
9025,"2011-09-26 20:53:08",619.141
9025,"2011-09-26 20:58:08",627.197
9025,"2011-09-26 21:03:08",627.197
9025,"2011-09-26 21:08:08",631.226
9025,"2011-09-26 21:13:07",623.169
9025,"2011-09-26 21:18:07",627.197
9025,"2011-09-26 21:23:07",631.226
9025,"2011-09-26 21:28:07",631.226
9025,"2011-09-26 21:33:07",639.282
9025,"2011-09-26 21:38:07",639.282
9025,"2011-09-26 21:43:07",639.282
9025,"2011-09-26 21:48:07",643.311
9025,"2011-09-26 21:53:07",639.282
9025,"2011-09-26 21:58:09",643.311
9025,"2011-09-26 22:03:07",643.311
9025,"2011-09-26 22:08:09",647.339
9025,"2011-09-26 22:13:07",643.311
9025,"2011-09-26 22:18:07",639.282
9025,"2011-09-26 22:23:08",643.311
9025,"2011-09-26 22:28:07",639.282
9025,"2011-09-26 22:33:07",643.311
9025,"2011-09-26 22:38:08",631.226
9025,"2011-09-26 22:43:07",635.254
9025,"2011-09-26 22:48:07",631.226
9025,"2011-09-26 22:53:07",631.226
9025,"2011-09-26 22:58:07",647.339
9025,"2011-09-26 23:03:07",635.254
9025,"2011-09-26 23:08:07",631.226
9025,"2011-09-26 23:13:07",635.254
9025,"2011-09-26 23:18:08",639.282
9025,"2011-09-26 23:23:07",639.282
9025,"2011-09-26 23:28:07",635.254
9025,"2011-09-26 23:33:07",639.282
9025,"2011-09-26 23:38:07",631.226
9025,"2011-09-26 23:43:06",643.311
9025,"2011-09-26 23:48:07",639.282
9025,"2011-09-26 23:53:07",643.311
9025,"2011-09-26 23:58:06",631.226
9025,"2011-09-27 00:03:06",643.311
9025,"2011-09-27 00:08:07",647.339
9025,"2011-09-27 00:13:06",643.311
9025,"2011-09-27 00:18:07",643.311
9025,"2011-09-27 00:23:06",651.367
9025,"2011-09-27 00:28:06",651.367
9025,"2011-09-27 00:33:07",643.311
9025,"2011-09-27 00:38:07",651.367
9025,"2011-09-27 00:43:06",659.424
9025,"2011-09-27 00:48:07",659.424
9025,"2011-09-27 00:53:07",659.424
9025,"2011-09-27 00:58:06",659.424
9025,"2011-09-27 01:03:06",659.424
9025,"2011-09-27 01:08:06",659.424
9025,"2011-09-27 01:13:07",659.424
9025,"2011-09-27 01:18:09",663.452
9025,"2011-09-27 01:23:06",667.48
9025,"2011-09-27 01:28:06",663.452
9025,"2011-09-27 01:33:06",671.509
9025,"2011-09-27 01:38:06",667.48
9025,"2011-09-27 01:43:08",667.48
9025,"2011-09-27 01:48:06",667.48
9025,"2011-09-27 01:53:06",663.452
9025,"2011-09-27 01:58:06",667.48
9025,"2011-09-27 02:03:06",675.537
9025,"2011-09-27 02:08:07",671.509
9025,"2011-09-27 02:13:06",663.452
9025,"2011-09-27 02:18:07",675.537
9025,"2011-09-27 02:23:10",663.452
9025,"2011-09-27 02:28:06",667.48
9025,"2011-09-27 02:33:08",675.537
9025,"2011-09-27 02:38:05",663.452
9025,"2011-09-27 02:43:06",671.509
9025,"2011-09-27 02:48:05",667.48
9025,"2011-09-27 02:53:05",667.48
9025,"2011-09-27 02:58:05",655.396
9025,"2011-09-27 03:03:07",659.424
9025,"2011-09-27 03:08:06",659.424
9025,"2011-09-27 03:13:05",659.424
9025,"2011-09-27 03:18:05",659.424
9025,"2011-09-27 03:23:05",655.396
9025,"2011-09-27 03:28:05",659.424
9025,"2011-09-27 03:33:06",659.424
9025,"2011-09-27 03:38:05",651.367
9025,"2011-09-27 03:43:07",651.367
9025,"2011-09-27 03:48:05",647.339
9025,"2011-09-27 03:53:06",655.396
9025,"2011-09-27 03:58:06",651.367
9025,"2011-09-27 04:03:06",663.452
9025,"2011-09-27 04:08:05",647.339
9025,"2011-09-27 04:13:05",655.396
9025,"2011-09-27 04:18:04",655.396
9025,"2011-09-27 04:23:05",655.396
9025,"2011-09-27 04:28:05",651.367
9025,"2011-09-27 04:33:05",639.282
9025,"2011-09-27 04:38:05",643.311
9025,"2011-09-27 04:43:04",635.254
9025,"2011-09-27 04:48:05",631.226
9025,"2011-09-27 04:53:05",631.226
9025,"2011-09-27 04:58:05",615.112
9025,"2011-09-27 05:03:05",611.084
9025,"2011-09-27 05:08:04",611.084
9025,"2011-09-27 05:13:04",611.084
9025,"2011-09-27 05:18:04",607.056
9025,"2011-09-27 05:23:04",603.027
9025,"2011-09-27 05:28:04",594.971
9025,"2011-09-27 05:33:04",598.999
9025,"2011-09-27 05:38:06",594.971
9025,"2011-09-27 05:43:04",590.942
9025,"2011-09-27 05:48:04",590.942
9025,"2011-09-27 05:53:04",586.914
9025,"2011-09-27 05:58:04",586.914
9025,"2011-09-27 06:03:04",586.914
9025,"2011-09-27 06:08:05",582.886
9025,"2011-09-27 06:13:04",586.914
9025,"2011-09-27 06:18:05",582.886
9025,"2011-09-27 06:23:04",578.857
9025,"2011-09-27 06:28:05",582.886
9025,"2011-09-27 06:33:07",578.857
9025,"2011-09-27 06:38:04",574.829
9025,"2011-09-27 06:43:05",574.829
9025,"2011-09-27 06:48:05",570.801
9025,"2011-09-27 06:53:09",582.886
9025,"2011-09-27 06:58:04",574.829
9025,"2011-09-27 07:03:05",578.857
9025,"2011-09-27 07:08:04",570.801
9025,"2011-09-27 07:13:04",570.801
9025,"2011-09-27 07:18:05",570.801
9025,"2011-09-27 07:23:03",578.857
9025,"2011-09-27 07:28:04",562.744
9025,"2011-09-27 07:33:06",570.801
9025,"2011-09-27 07:38:03",570.801
9025,"2011-09-27 07:43:03",570.801
9025,"2011-09-27 07:48:03",570.801
9025,"2011-09-27 07:53:05",566.772
9025,"2011-09-27 07:58:03",570.801
9025,"2011-09-27 08:03:03",566.772
9025,"2011-09-27 08:08:04",562.744
9025,"2011-09-27 08:13:04",566.772
9025,"2011-09-27 08:18:03",566.772
9025,"2011-09-27 08:23:03",570.801
9025,"2011-09-27 08:28:03",566.772
9025,"2011-09-27 08:33:04",562.744
9025,"2011-09-27 08:38:03",566.772
9025,"2011-09-27 08:43:04",566.772
9025,"2011-09-27 08:48:04",562.744
9025,"2011-09-27 08:53:03",570.801
9025,"2011-09-27 08:58:03",566.772
9025,"2011-09-27 09:03:03",562.744
9025,"2011-09-27 09:08:04",562.744
9025,"2011-09-27 09:13:02",566.772
9025,"2011-09-27 09:18:03",558.716
9025,"2011-09-27 09:23:03",566.772
9025,"2011-09-27 09:28:03",558.716
9025,"2011-09-27 09:33:03",566.772
9025,"2011-09-27 09:38:03",562.744
9025,"2011-09-27 09:43:03",558.716
9025,"2011-09-27 09:48:04",566.772
9025,"2011-09-27 09:53:02",558.716
9025,"2011-09-27 09:58:03",562.744
9025,"2011-09-27 10:03:03",562.744
9025,"2011-09-27 10:08:03",554.688
9025,"2011-09-27 10:13:05",562.744
9025,"2011-09-27 10:18:04",554.688
9025,"2011-09-27 10:23:04",558.716
9025,"2011-09-27 10:28:03",554.688
9025,"2011-09-27 10:33:02",558.716
9025,"2011-09-27 10:38:02",562.744
9025,"2011-09-27 10:43:02",562.744
9025,"2011-09-27 10:48:02",554.688
9025,"2011-09-27 10:53:02",554.688
9025,"2011-09-27 10:58:02",558.716
9025,"2011-09-27 11:03:02",546.631
9025,"2011-09-27 11:08:02",562.744
9025,"2011-09-27 11:13:03",558.716
9025,"2011-09-27 11:18:02",554.688
9025,"2011-09-27 11:23:02",546.631
9025,"2011-09-27 11:28:03",554.688
9025,"2011-09-27 11:33:02",550.659
9025,"2011-09-27 11:38:02",554.688
9025,"2011-09-27 11:43:02",550.659
9025,"2011-09-27 11:48:02",550.659
9025,"2011-09-27 11:53:02",550.659
9025,"2011-09-27 11:58:02",554.688
9025,"2011-09-27 12:03:02",558.716
9025,"2011-09-27 12:08:03",558.716
9025,"2011-09-27 12:13:04",554.688
9025,"2011-09-27 12:18:02",546.631
9025,"2011-09-27 12:23:02",554.688
9025,"2011-09-27 12:28:02",550.659
9025,"2011-09-27 12:33:02",538.574
9025,"2011-09-27 12:38:03",558.716
9025,"2011-09-27 12:43:01",546.631
9025,"2011-09-27 12:48:02",546.631
9025,"2011-09-27 12:53:01",554.688
9025,"2011-09-27 12:58:01",546.631
9025,"2011-09-27 13:03:02",554.688
9025,"2011-09-27 13:08:01",554.688
9025,"2011-09-27 13:13:01",546.631
9025,"2011-09-27 13:18:01",550.659
9025,"2011-09-27 13:23:01",546.631
9025,"2011-09-27 13:28:01",546.631
9025,"2011-09-27 13:33:01",546.631
9025,"2011-09-27 13:38:01",550.659
9025,"2011-09-27 13:43:02",542.603
9025,"2011-09-27 13:48:01",546.631
9025,"2011-09-27 13:53:01",546.631
9025,"2011-09-27 13:58:01",550.659
9025,"2011-09-27 14:03:01",546.631
9025,"2011-09-27 14:08:01",558.716
9025,"2011-09-27 14:13:01",566.772
9025,"2011-09-27 14:18:01",570.801
9025,"2011-09-27 14:23:01",562.744
9025,"2011-09-27 14:28:01",566.772
9025,"2011-09-27 14:33:02",562.744
9025,"2011-09-27 14:38:01",558.716
9025,"2011-09-27 14:43:01",562.744
9025,"2011-09-27 14:48:01",562.744
9025,"2011-09-27 15:57:02",574.829
9025,"2011-09-27 16:02:05",570.801
9025,"2011-09-27 16:07:03",570.801
9025,"2011-09-27 16:12:02",562.744
9025,"2011-09-27 16:17:02",570.801
9025,"2011-09-27 16:22:04",562.744
9025,"2011-09-27 16:27:02",558.716
9025,"2011-09-27 16:32:02",566.772
9025,"2011-09-27 16:37:05",562.744
9025,"2011-09-27 16:52:02",558.716
9025,"2011-09-27 16:57:05",550.659
9025,"2011-09-27 17:02:02",562.744
9025,"2011-09-27 17:07:02",550.659
9025,"2011-09-27 17:12:02",550.659
9025,"2011-09-27 17:17:01",554.688
9025,"2011-09-27 17:22:04",550.659
9025,"2011-09-27 17:27:01",550.659
9025,"2011-09-27 17:32:03",542.603
9025,"2011-09-27 17:42:07",542.603
9025,"2011-09-27 17:47:01",550.659
9025,"2011-09-27 17:52:01",550.659
9025,"2011-09-27 17:57:01",550.659
9025,"2011-09-27 18:02:02",566.772
9025,"2011-09-27 18:07:01",558.716
9025,"2011-09-27 18:17:00",550.659
9025,"2011-09-27 18:22:01",550.659
9025,"2011-09-27 18:27:03",550.659
9025,"2011-09-27 18:32:01",554.688
9025,"2011-09-27 18:37:00",554.688
9025,"2011-09-27 18:42:01",554.688
9025,"2011-09-27 18:47:01",546.631
9025,"2011-09-27 18:52:00",554.688
9025,"2011-09-27 18:57:00",546.631
9025,"2011-09-27 19:02:00",550.659
9025,"2011-09-27 19:07:02",550.659
9025,"2011-09-27 19:17:01",550.659
9025,"2011-09-27 19:22:03",558.716
9025,"2011-09-27 19:27:00",546.631
9025,"2011-09-27 19:32:01",558.716
9025,"2011-09-27 19:37:01",546.631
9025,"2011-09-27 19:42:01",550.659
9025,"2011-09-27 19:47:02",554.688
9025,"2011-09-27 19:52:00",550.659
9025,"2011-09-27 19:57:05",562.744
9025,"2011-09-27 20:02:00",554.688
9025,"2011-09-27 20:07:00",558.716
9025,"2011-09-27 20:12:02",558.716
9025,"2011-09-27 20:17:01",562.744
9025,"2011-09-27 20:22:00",554.688
9025,"2011-09-27 20:26:59",558.716
9025,"2011-09-27 20:32:00",566.772
9025,"2011-09-27 20:37:01",554.688
9025,"2011-09-27 20:42:02",558.716
9025,"2011-09-27 20:47:00",558.716
9025,"2011-09-27 20:51:59",566.772
9025,"2011-09-27 21:02:02",558.716
9025,"2011-09-27 21:06:59",566.772
9025,"2011-09-27 21:11:59",558.716
9025,"2011-09-27 21:16:59",558.716
9025,"2011-09-27 21:22:01",562.744
9025,"2011-09-27 21:26:59",570.801
9025,"2011-09-27 21:31:59",562.744
9025,"2011-09-27 21:36:59",566.772
9025,"2011-09-27 21:42:01",566.772
9025,"2011-09-27 21:47:00",562.744
9025,"2011-09-27 21:52:00",558.716
9025,"2011-09-27 21:57:03",562.744
9025,"2011-09-27 22:01:59",574.829
9025,"2011-09-27 22:07:00",578.857
9025,"2011-09-27 22:11:58",566.772
9025,"2011-09-27 22:17:00",574.829
9025,"2011-09-27 22:21:59",566.772
9025,"2011-09-27 22:27:03",570.801
9025,"2011-09-27 22:32:01",574.829
9025,"2011-09-27 22:36:59",566.772
9025,"2011-09-27 22:41:59",570.801
9025,"2011-09-27 22:47:00",566.772
9025,"2011-09-27 22:51:58",570.801
9025,"2011-09-27 22:56:57",574.829
9025,"2011-09-27 23:01:59",566.772
9025,"2011-09-27 23:06:59",570.801
9025,"2011-09-27 23:11:59",574.829
9025,"2011-09-27 23:17:01",566.772
9025,"2011-09-27 23:22:00",570.801
9025,"2011-09-27 23:26:59",578.857
9025,"2011-09-27 23:31:59",570.801
9025,"2011-09-27 23:37:01",566.772
9025,"2011-09-27 23:42:00",574.829
9025,"2011-09-27 23:46:57",578.857
9025,"2011-09-27 23:52:01",574.829
9025,"2011-09-27 23:57:02",570.801
9025,"2011-09-28 00:02:01",570.801
9025,"2011-09-28 00:06:58",570.801
9025,"2011-09-28 00:12:00",578.857
9025,"2011-09-28 00:16:59",578.857
9025,"2011-09-28 00:22:01",586.914
9025,"2011-09-28 00:27:00",586.914
9025,"2011-09-28 00:31:59",586.914
9025,"2011-09-28 00:36:59",586.914
9025,"2011-09-28 00:41:58",574.829
9025,"2011-09-28 00:46:59",586.914
9025,"2011-09-28 00:52:02",578.857
9025,"2011-09-28 00:56:58",590.942
9025,"2011-09-28 01:01:59",582.886
9025,"2011-09-28 01:06:58",594.971
9025,"2011-09-28 01:16:58",590.942
9025,"2011-09-28 01:31:58",586.914
9025,"2011-09-28 01:36:58",586.914
9025,"2011-09-28 01:41:58",582.886
9025,"2011-09-28 01:46:59",582.886
9025,"2011-09-28 01:51:57",582.886
9025,"2011-09-28 01:57:04",582.886
9025,"2011-09-28 02:01:58",590.942
9025,"2011-09-28 02:06:57",582.886
9025,"2011-09-28 02:11:58",586.914
9025,"2011-09-28 02:16:57",594.971
9025,"2011-09-28 02:21:59",586.914
9025,"2011-09-28 02:26:58",590.942
9025,"2011-09-28 02:32:00",590.942
9025,"2011-09-28 02:36:58",590.942
9025,"2011-09-28 02:41:58",586.914
9025,"2011-09-28 02:46:57",590.942
9025,"2011-09-28 02:51:56",590.942
9025,"2011-09-28 02:56:57",594.971
9025,"2011-09-28 03:01:58",594.971
9025,"2011-09-28 03:06:57",582.886
9025,"2011-09-28 03:11:59",594.971
9025,"2011-09-28 03:16:57",594.971
9025,"2011-09-28 03:22:00",594.971
9025,"2011-09-28 03:26:59",598.999
9025,"2011-09-28 03:31:56",594.971
9025,"2011-09-28 03:36:56",590.942
9025,"2011-09-28 03:42:03",590.942
9025,"2011-09-28 03:46:57",586.914
9025,"2011-09-28 03:51:56",590.942
9025,"2011-09-28 03:56:55",590.942
9025,"2011-09-28 04:01:57",586.914
9025,"2011-09-28 04:06:58",590.942
9025,"2011-09-28 04:11:56",586.914
9025,"2011-09-28 04:16:57",590.942
9025,"2011-09-28 04:21:57",590.942
9025,"2011-09-28 04:26:55",594.971
9025,"2011-09-28 04:31:58",586.914
9025,"2011-09-28 04:41:55",582.886
9025,"2011-09-28 04:46:56",586.914
9025,"2011-09-28 04:51:55",578.857
9025,"2011-09-28 04:56:58",582.886
9025,"2011-09-28 05:01:58",582.886
9025,"2011-09-28 05:06:55",586.914
9025,"2011-09-28 05:11:59",586.914
9025,"2011-09-28 05:16:56",582.886
9025,"2011-09-28 05:21:56",586.914
9025,"2011-09-28 05:26:56",590.942
9025,"2011-09-28 05:31:56",582.886
9025,"2011-09-28 05:36:56",586.914
9025,"2011-09-28 05:41:56",594.971
9025,"2011-09-28 05:46:56",586.914
9025,"2011-09-28 05:51:57",586.914
9025,"2011-09-28 05:56:54",594.971
9025,"2011-09-28 06:01:54",594.971
9025,"2011-09-28 06:06:59",586.914
9025,"2011-09-28 06:11:57",586.914
9025,"2011-09-28 06:21:57",590.942
9025,"2011-09-28 06:26:56",590.942
9025,"2011-09-28 06:31:55",586.914
9025,"2011-09-28 06:36:56",586.914
9025,"2011-09-28 06:41:55",582.886
9025,"2011-09-28 06:46:55",590.942
9025,"2011-09-28 06:51:55",586.914
9025,"2011-09-28 06:56:55",590.942
9025,"2011-09-28 07:01:54",586.914
9025,"2011-09-28 07:06:55",590.942
9025,"2011-09-28 07:11:55",598.999
9025,"2011-09-28 07:16:54",586.914
9025,"2011-09-28 07:21:56",590.942
9025,"2011-09-28 07:26:55",586.914
9025,"2011-09-28 07:31:56",582.886
9025,"2011-09-28 07:36:55",582.886
9025,"2011-09-28 07:41:55",586.914
9025,"2011-09-28 07:46:56",582.886
9025,"2011-09-28 07:51:56",590.942
9025,"2011-09-28 07:56:56",590.942
9025,"2011-09-28 08:01:54",586.914
9025,"2011-09-28 08:06:54",598.999
9025,"2011-09-28 08:11:57",590.942
9025,"2011-09-28 08:16:54",586.914
9025,"2011-09-28 08:26:55",582.886
9025,"2011-09-28 08:31:54",582.886
9025,"2011-09-28 08:36:53",578.857
9025,"2011-09-28 08:41:56",586.914
9025,"2011-09-28 08:46:55",582.886
9025,"2011-09-28 08:51:57",578.857
9025,"2011-09-28 08:56:54",586.914
9025,"2011-09-28 09:01:53",578.857
9025,"2011-09-28 09:06:54",574.829
9025,"2011-09-28 09:11:52",586.914
9025,"2011-09-28 09:16:54",582.886
9025,"2011-09-28 09:21:52",582.886
9025,"2011-09-28 09:26:52",582.886
9025,"2011-09-28 09:31:56",582.886
9025,"2011-09-28 09:36:59",582.886
9025,"2011-09-28 09:46:56",574.829
9025,"2011-09-28 09:51:54",578.857
9025,"2011-09-28 09:56:58",582.886
9025,"2011-09-28 10:01:53",582.886
9025,"2011-09-28 10:06:56",582.886
9025,"2011-09-28 10:11:54",574.829
9025,"2011-09-28 10:16:52",582.886
9025,"2011-09-28 10:21:53",582.886
9025,"2011-09-28 10:26:52",574.829
9025,"2011-09-28 10:31:54",582.886
9025,"2011-09-28 10:36:54",570.801
9025,"2011-09-28 10:41:53",574.829
9025,"2011-09-28 10:47:04",570.801
9025,"2011-09-28 10:51:55",566.772
9025,"2011-09-28 10:56:52",570.801
9025,"2011-09-28 11:01:52",566.772
9025,"2011-09-28 11:06:51",570.801
9025,"2011-09-28 11:11:52",578.857
9025,"2011-09-28 11:16:51",566.772
9025,"2011-09-28 11:21:51",574.829
9025,"2011-09-28 11:26:52",570.801
9025,"2011-09-28 11:31:53",570.801
9025,"2011-09-28 11:36:51",570.801
9025,"2011-09-28 11:41:52",566.772
9025,"2011-09-28 11:46:51",566.772
9025,"2011-09-28 11:51:51",566.772
9025,"2011-09-28 11:56:50",566.772
9025,"2011-09-28 12:01:51",566.772
9025,"2011-09-28 12:06:52",566.772
9025,"2011-09-28 12:11:51",566.772
9025,"2011-09-28 12:16:55",562.744
9025,"2011-09-28 12:21:51",566.772
9025,"2011-09-28 12:26:51",558.716
9025,"2011-09-28 12:31:50",566.772
9025,"2011-09-28 12:36:51",566.772
9025,"2011-09-28 12:41:51",562.744
9025,"2011-09-28 12:46:51",558.716
9025,"2011-09-28 12:51:51",570.801
9025,"2011-09-28 12:56:53",562.744
9025,"2011-09-28 13:01:51",566.772
9025,"2011-09-28 13:06:51",558.716
9025,"2011-09-28 13:11:52",558.716
9025,"2011-09-28 13:16:52",558.716
9025,"2011-09-28 13:21:52",562.744
9025,"2011-09-28 13:26:51",562.744
9025,"2011-09-28 13:31:50",562.744
9025,"2011-09-28 13:36:50",562.744
9025,"2011-09-28 13:41:52",562.744
9025,"2011-09-28 13:46:51",558.716
9025,"2011-09-28 13:51:51",562.744
9025,"2011-09-28 13:56:51",562.744
9025,"2011-09-28 14:01:51",562.744
9025,"2011-09-28 14:06:52",558.716
9025,"2011-09-28 14:11:50",558.716
9025,"2011-09-28 14:16:50",554.688
9025,"2011-09-28 14:21:50",562.744
9025,"2011-09-28 14:26:50",558.716
9025,"2011-09-28 14:31:49",554.688
9025,"2011-09-28 14:36:50",558.716
9025,"2011-09-28 14:41:49",554.688
9025,"2011-09-28 14:46:50",554.688
9025,"2011-09-28 14:51:51",546.631
9025,"2011-09-28 14:56:51",558.716
9025,"2011-09-28 15:01:51",546.631
9025,"2011-09-28 15:06:52",550.659
9025,"2011-09-28 15:11:49",554.688
9025,"2011-09-28 15:16:50",546.631
9025,"2011-09-28 15:21:49",550.659
9025,"2011-09-28 15:26:50",554.688
9025,"2011-09-28 15:31:49",554.688
9025,"2011-09-28 15:36:49",558.716
9025,"2011-09-28 15:41:50",550.659
9025,"2011-09-28 15:46:49",546.631
9025,"2011-09-28 15:51:50",554.688
9025,"2011-09-28 15:56:50",550.659
9025,"2011-09-28 16:01:49",558.716
9025,"2011-09-28 16:06:50",546.631
9025,"2011-09-28 16:11:50",554.688
9025,"2011-09-28 16:16:49",558.716
9025,"2011-09-28 16:21:50",554.688
9025,"2011-09-28 16:26:49",550.659
9025,"2011-09-28 16:31:49",550.659
9025,"2011-09-28 16:36:49",542.603
9025,"2011-09-28 16:41:50",558.716
9025,"2011-09-28 16:46:49",554.688
9025,"2011-09-28 16:51:48",546.631
9025,"2011-09-28 16:56:50",550.659
9025,"2011-09-28 17:01:48",558.716
9025,"2011-09-28 17:06:49",554.688
9025,"2011-09-28 17:11:49",546.631
9025,"2011-09-28 17:16:51",558.716
9025,"2011-09-28 17:21:48",550.659
9025,"2011-09-28 17:26:50",554.688
9025,"2011-09-28 17:31:49",550.659
9025,"2011-09-28 17:36:48",554.688
9025,"2011-09-28 17:41:49",546.631
9025,"2011-09-28 17:46:49",550.659
9025,"2011-09-28 17:51:49",550.659
9025,"2011-09-28 17:56:48",554.688
9025,"2011-09-28 18:01:49",558.716
9025,"2011-09-28 18:06:48",554.688
9025,"2011-09-28 18:11:48",550.659
9025,"2011-09-28 18:16:49",550.659
9025,"2011-09-28 18:21:47",554.688
9025,"2011-09-28 18:26:49",550.659
9025,"2011-09-28 18:31:48",558.716
9025,"2011-09-28 18:36:48",550.659
9025,"2011-09-28 18:41:49",550.659
9025,"2011-09-28 18:46:48",558.716
9025,"2011-09-28 18:51:48",550.659
9025,"2011-09-28 18:56:49",558.716
9025,"2011-09-28 19:01:47",558.716
9025,"2011-09-28 19:06:47",550.659
9025,"2011-09-28 19:11:49",554.688
9025,"2011-09-28 19:16:47",562.744
9025,"2011-09-28 19:21:48",558.716
9025,"2011-09-28 19:26:47",554.688
9025,"2011-09-28 19:31:48",554.688
9025,"2011-09-28 19:36:48",558.716
9025,"2011-09-28 19:41:48",554.688
9025,"2011-09-28 19:46:47",558.716
9025,"2011-09-28 19:51:50",562.744
9025,"2011-09-28 19:56:47",558.716
9025,"2011-09-28 20:01:47",558.716
9025,"2011-09-28 20:06:48",558.716
9025,"2011-09-28 20:11:48",558.716
9025,"2011-09-28 20:16:48",558.716
9025,"2011-09-28 20:21:47",566.772
9025,"2011-09-28 20:26:46",558.716
9025,"2011-09-28 20:31:48",578.857
9025,"2011-09-28 20:36:47",562.744
9025,"2011-09-28 20:41:46",562.744
9025,"2011-09-28 20:46:50",562.744
9025,"2011-09-28 20:51:46",570.801
9025,"2011-09-28 20:56:48",578.857
9025,"2011-09-28 21:01:46",570.801
9025,"2011-09-28 21:06:46",570.801
9025,"2011-09-28 21:11:46",574.829
9025,"2011-09-28 21:16:46",578.857
9025,"2011-09-28 21:21:46",574.829
9025,"2011-09-28 21:26:47",574.829
9025,"2011-09-28 21:31:46",578.857
9025,"2011-09-28 21:36:47",578.857
9025,"2011-09-28 21:41:46",578.857
9025,"2011-09-28 21:46:46",570.801
9025,"2011-09-28 21:51:48",582.886
9025,"2011-09-28 21:56:48",582.886
9025,"2011-09-28 22:01:46",578.857
9025,"2011-09-28 22:06:46",578.857
9025,"2011-09-28 22:11:45",578.857
9025,"2011-09-28 22:16:47",574.829
9025,"2011-09-28 22:21:47",570.801
9025,"2011-09-28 22:26:46",574.829
9025,"2011-09-28 22:31:46",578.857
9025,"2011-09-28 22:36:45",578.857
9025,"2011-09-28 22:41:46",570.801
9025,"2011-09-28 22:46:45",570.801
9025,"2011-09-28 22:51:45",570.801
9025,"2011-09-28 22:56:46",574.829
9025,"2011-09-28 23:01:47",570.801
9025,"2011-09-28 23:06:45",566.772
9025,"2011-09-28 23:11:46",574.829
9025,"2011-09-28 23:16:45",574.829
9025,"2011-09-28 23:21:54",570.801
9025,"2011-09-28 23:26:45",570.801
9025,"2011-09-28 23:31:46",570.801
9025,"2011-09-28 23:36:46",566.772
9025,"2011-09-28 23:41:49",574.829
9025,"2011-09-28 23:46:45",570.801
9025,"2011-09-28 23:51:53",566.772
9025,"2011-09-28 23:56:45",570.801
9025,"2011-09-29 00:01:46",574.829
9025,"2011-09-29 00:06:48",582.886
9025,"2011-09-29 00:11:47",578.857
9025,"2011-09-29 00:21:47",578.857
9025,"2011-09-29 00:26:45",586.914
9025,"2011-09-29 00:31:44",578.857
9025,"2011-09-29 00:36:44",582.886
9025,"2011-09-29 00:41:46",586.914
9025,"2011-09-29 00:46:50",578.857
9025,"2011-09-29 00:51:45",582.886
9025,"2011-09-29 00:56:45",582.886
9025,"2011-09-29 01:01:45",590.942
9025,"2011-09-29 01:06:44",586.914
9025,"2011-09-29 01:11:46",578.857
9025,"2011-09-29 01:16:45",582.886
9025,"2011-09-29 01:21:44",582.886
9025,"2011-09-29 01:26:46",578.857
9025,"2011-09-29 01:31:44",582.886
9025,"2011-09-29 01:36:44",582.886
9025,"2011-09-29 01:41:45",586.914
9025,"2011-09-29 01:46:45",590.942
9025,"2011-09-29 01:51:43",594.971
9025,"2011-09-29 01:56:47",590.942
9025,"2011-09-29 02:01:48",590.942
9025,"2011-09-29 02:06:45",590.942
9025,"2011-09-29 02:11:45",590.942
9025,"2011-09-29 02:16:44",594.971
9025,"2011-09-29 02:21:46",590.942
9025,"2011-09-29 02:26:44",598.999
9025,"2011-09-29 02:31:44",594.971
9025,"2011-09-29 02:36:44",603.027
9025,"2011-09-29 02:41:43",607.056
9025,"2011-09-29 02:46:44",607.056
9025,"2011-09-29 02:51:44",611.084
9025,"2011-09-29 02:56:44",607.056
9025,"2011-09-29 03:01:44",603.027
9025,"2011-09-29 03:06:44",598.999
9025,"2011-09-29 03:16:43",603.027
9025,"2011-09-29 03:21:45",603.027
9025,"2011-09-29 03:26:43",611.084
9025,"2011-09-29 03:31:45",603.027
9025,"2011-09-29 03:36:43",615.112
9025,"2011-09-29 03:41:44",611.084
9025,"2011-09-29 03:46:44",611.084
9025,"2011-09-29 03:51:45",615.112
9025,"2011-09-29 03:56:44",615.112
9025,"2011-09-29 04:01:43",623.169
9025,"2011-09-29 04:06:43",619.141
9025,"2011-09-29 04:11:44",623.169
9025,"2011-09-29 04:16:43",611.084
9025,"2011-09-29 04:21:44",611.084
9025,"2011-09-29 04:26:44",615.112
9025,"2011-09-29 04:31:46",615.112
9025,"2011-09-29 04:36:43",619.141
9025,"2011-09-29 04:41:42",623.169
9025,"2011-09-29 04:46:42",615.112
9025,"2011-09-29 04:51:45",615.112
9025,"2011-09-29 04:56:45",623.169
9025,"2011-09-29 05:01:43",615.112
9025,"2011-09-29 05:06:46",619.141
9025,"2011-09-29 05:11:44",619.141
9025,"2011-09-29 05:16:42",627.197
9025,"2011-09-29 05:21:44",619.141
9025,"2011-09-29 05:26:43",615.112
9025,"2011-09-29 05:31:44",627.197
9025,"2011-09-29 05:36:43",615.112
9025,"2011-09-29 05:41:43",615.112
9025,"2011-09-29 05:46:44",615.112
9025,"2011-09-29 05:51:42",623.169
9025,"2011-09-29 05:56:43",623.169
9025,"2011-09-29 06:01:43",623.169
9025,"2011-09-29 06:06:41",619.141
9025,"2011-09-29 06:11:43",627.197
9025,"2011-09-29 06:16:42",627.197
9025,"2011-09-29 06:21:43",631.226
9025,"2011-09-29 06:26:43",623.169
9025,"2011-09-29 06:31:42",627.197
9025,"2011-09-29 06:36:42",627.197
9025,"2011-09-29 06:41:42",619.141
9025,"2011-09-29 06:46:43",627.197
9025,"2011-09-29 06:51:41",631.226
9025,"2011-09-29 06:56:42",635.254
9025,"2011-09-29 07:01:43",627.197
9025,"2011-09-29 07:06:44",627.197
9025,"2011-09-29 07:11:42",615.112
9025,"2011-09-29 07:16:42",623.169
9025,"2011-09-29 07:21:44",631.226
9025,"2011-09-29 07:26:42",623.169
9025,"2011-09-29 07:31:42",623.169
9025,"2011-09-29 07:36:42",627.197
9025,"2011-09-29 07:41:42",635.254
9025,"2011-09-29 07:46:51",631.226
9025,"2011-09-29 07:51:54",631.226
9025,"2011-09-29 07:56:42",631.226
9025,"2011-09-29 08:01:41",635.254
9025,"2011-09-29 08:06:41",635.254
9025,"2011-09-29 08:16:42",631.226
9025,"2011-09-29 08:21:42",631.226
9025,"2011-09-29 08:26:43",631.226
9025,"2011-09-29 08:31:43",627.197
9025,"2011-09-29 08:41:43",619.141
9025,"2011-09-29 08:46:41",619.141
9025,"2011-09-29 08:51:43",615.112
9025,"2011-09-29 08:56:43",615.112
9025,"2011-09-29 09:01:41",607.056
9025,"2011-09-29 09:06:42",615.112
9025,"2011-09-29 09:11:41",615.112
9025,"2011-09-29 09:16:41",611.084
9025,"2011-09-29 09:21:41",607.056
9025,"2011-09-29 09:26:41",607.056
9025,"2011-09-29 09:31:41",607.056
9025,"2011-09-29 09:36:41",598.999
9025,"2011-09-29 09:41:41",607.056
9025,"2011-09-29 09:51:40",603.027
9025,"2011-09-29 09:56:42",594.971
9025,"2011-09-29 10:01:40",603.027
9025,"2011-09-29 10:06:40",598.999
9025,"2011-09-29 10:11:44",594.971
9025,"2011-09-29 10:16:40",590.942
9025,"2011-09-29 10:26:42",590.942
9025,"2011-09-29 10:31:42",586.914
9025,"2011-09-29 10:36:40",590.942
9025,"2011-09-29 10:41:40",582.886
9025,"2011-09-29 10:46:40",586.914
9025,"2011-09-29 10:51:41",578.857
9025,"2011-09-29 10:56:41",582.886
9025,"2011-09-29 11:01:43",586.914
9025,"2011-09-29 11:06:40",586.914
9025,"2011-09-29 11:11:40",586.914
9025,"2011-09-29 11:16:42",578.857
9025,"2011-09-29 11:21:40",570.801
9025,"2011-09-29 11:26:39",574.829
9025,"2011-09-29 11:31:40",582.886
9025,"2011-09-29 11:36:41",582.886
9025,"2011-09-29 11:41:38",586.914
9025,"2011-09-29 11:46:41",578.857
9025,"2011-09-29 11:51:38",574.829
9025,"2011-09-29 11:56:40",570.801
9025,"2011-09-29 12:01:39",574.829
9025,"2011-09-29 12:06:38",578.857
9025,"2011-09-29 12:11:40",582.886
9025,"2011-09-29 12:16:38",570.801
9025,"2011-09-29 12:21:39",570.801
9025,"2011-09-29 12:26:39",570.801
9025,"2011-09-29 12:31:39",570.801
9025,"2011-09-29 12:36:39",574.829
9025,"2011-09-29 12:41:38",566.772
9025,"2011-09-29 12:46:39",574.829
9025,"2011-09-29 12:51:39",570.801
9025,"2011-09-29 12:56:38",570.801
9025,"2011-09-29 13:01:39",566.772
9025,"2011-09-29 13:06:39",566.772
9025,"2011-09-29 13:11:37",566.772
9025,"2011-09-29 13:16:39",574.829
9025,"2011-09-29 13:21:38",570.801
9025,"2011-09-29 13:26:37",570.801
9025,"2011-09-29 13:31:37",566.772
9025,"2011-09-29 13:36:39",566.772
9025,"2011-09-29 13:41:38",558.716
9025,"2011-09-29 13:46:37",566.772
9025,"2011-09-29 13:51:41",566.772
9025,"2011-09-29 13:56:38",562.744
9025,"2011-09-29 14:01:53",566.772
9025,"2011-09-29 14:06:38",558.716
9025,"2011-09-29 14:11:40",558.716
9025,"2011-09-29 14:16:37",562.744
9025,"2011-09-29 14:21:39",558.716
9025,"2011-09-29 14:26:38",558.716
9025,"2011-09-29 14:31:39",554.688
9025,"2011-09-29 14:36:37",558.716
9025,"2011-09-29 14:41:40",550.659
9025,"2011-09-29 14:46:37",554.688
9025,"2011-09-29 14:51:37",558.716
9025,"2011-09-29 14:56:37",566.772
9025,"2011-09-29 15:01:37",554.688
9025,"2011-09-29 15:06:40",554.688
9025,"2011-09-29 15:21:37",558.716
9025,"2011-09-29 15:26:36",554.688
9025,"2011-09-29 15:31:37",554.688
9025,"2011-09-29 15:36:38",558.716
9025,"2011-09-29 15:41:38",558.716
9025,"2011-09-29 15:46:36",554.688
9025,"2011-09-29 15:51:36",554.688
9025,"2011-09-29 15:56:36",562.744
9025,"2011-09-29 16:01:37",550.659
9025,"2011-09-29 16:06:39",550.659
9025,"2011-09-29 16:11:36",554.688
9025,"2011-09-29 16:16:37",550.659
9025,"2011-09-29 16:21:36",554.688
9025,"2011-09-29 16:26:38",538.574
9025,"2011-09-29 16:31:37",558.716
9025,"2011-09-29 16:36:39",550.659
9025,"2011-09-29 16:41:36",554.688
9025,"2011-09-29 16:51:37",550.659
9025,"2011-09-29 16:56:39",554.688
9025,"2011-09-29 17:01:36",558.716
9025,"2011-09-29 17:06:38",550.659
9025,"2011-09-29 17:11:35",554.688
9025,"2011-09-29 17:16:35",550.659
9025,"2011-09-29 17:21:37",554.688
9025,"2011-09-29 17:26:38",546.631
9025,"2011-09-29 17:31:38",554.688
9025,"2011-09-29 17:36:37",562.744
9025,"2011-09-29 17:41:38",558.716
9025,"2011-09-29 17:46:37",550.659
9025,"2011-09-29 17:51:35",550.659
9025,"2011-09-29 17:56:36",562.744
9025,"2011-09-29 18:01:36",554.688
9025,"2011-09-29 18:06:37",554.688
9025,"2011-09-29 18:11:37",558.716
9025,"2011-09-29 18:16:36",554.688
9025,"2011-09-29 18:21:39",562.744
9025,"2011-09-29 18:26:35",558.716
9025,"2011-09-29 18:31:35",562.744
9025,"2011-09-29 18:41:35",558.716
9025,"2011-09-29 18:51:36",562.744
9025,"2011-09-29 18:56:36",558.716
9025,"2011-09-29 19:01:35",562.744
9025,"2011-09-29 19:06:37",566.772
9025,"2011-09-29 19:11:34",562.744
9025,"2011-09-29 19:16:35",574.829
9025,"2011-09-29 19:21:37",570.801
9025,"2011-09-29 19:26:34",574.829
9025,"2011-09-29 19:31:35",578.857
9025,"2011-09-29 19:36:36",574.829
9025,"2011-09-29 19:41:36",574.829
9025,"2011-09-29 19:46:37",578.857
9025,"2011-09-29 19:51:34",578.857
9025,"2011-09-29 20:01:36",574.829
9025,"2011-09-29 20:06:36",582.886
9025,"2011-09-29 20:11:34",574.829
9025,"2011-09-29 20:16:35",570.801
9025,"2011-09-29 20:21:35",582.886
9025,"2011-09-29 20:26:37",574.829
9025,"2011-09-29 20:31:35",586.914
9025,"2011-09-29 20:36:34",578.857
9025,"2011-09-29 20:41:34",586.914
9025,"2011-09-29 20:46:34",578.857
9025,"2011-09-29 20:51:39",586.914
9025,"2011-09-29 20:56:34",582.886
9025,"2011-09-29 21:01:36",594.971
9025,"2011-09-29 21:06:33",590.942
9025,"2011-09-29 21:11:34",590.942
9025,"2011-09-29 21:16:34",590.942
9025,"2011-09-29 21:21:33",598.999
9025,"2011-09-29 21:26:34",598.999
9025,"2011-09-29 21:31:33",603.027
9025,"2011-09-29 21:36:33",603.027
9025,"2011-09-29 21:41:37",607.056
9025,"2011-09-29 21:46:35",611.084
9025,"2011-09-29 21:51:33",615.112
9025,"2011-09-29 21:56:35",615.112
9025,"2011-09-29 22:01:35",619.141
9025,"2011-09-29 22:06:33",623.169
9025,"2011-09-29 22:11:33",627.197
9025,"2011-09-29 22:16:33",631.226
9025,"2011-09-29 22:21:37",635.254
9025,"2011-09-29 22:26:33",639.282
9025,"2011-09-29 22:31:35",631.226
9025,"2011-09-29 22:36:33",631.226
9025,"2011-09-29 22:41:35",643.311
9025,"2011-09-29 22:46:34",631.226
9025,"2011-09-29 22:56:33",627.197
9025,"2011-09-29 23:01:32",631.226
9025,"2011-09-29 23:06:32",623.169
9025,"2011-09-29 23:26:32",615.112
9025,"2011-09-29 23:31:32",631.226
9025,"2011-09-29 23:36:32",627.197
9025,"2011-09-29 23:41:34",623.169
9025,"2011-09-29 23:46:32",611.084
9025,"2011-09-29 23:51:34",619.141
9025,"2011-09-29 23:56:35",615.112
