1438591344.37,36.48,48.52,0.80,0.85,0.97,3.00,9,-87,16
1438591645.71,36.22,49.18,0.80,0.85,0.95,3.00,9,-87,17
1438591943.89,35.99,50.17,0.80,0.85,0.95,3.00,9,-87,18
1438592246.93,35.76,50.48,0.80,0.85,0.94,3.00,9,-88,19
1438592545.83,35.55,51.13,0.80,0.85,0.96,3.00,9,-89,20
1438592845.48,35.35,51.34,0.80,0.86,0.96,3.00,9,-89,21
1438593145.82,35.12,51.84,0.80,0.86,0.96,3.00,9,-88,22
1438593444.89,34.95,52.72,0.80,0.86,0.85,3.00,9,-89,23
1438593744.37,34.70,53.55,0.80,0.86,0.86,3.00,9,-90,24
1438594044.67,34.51,54.22,0.81,0.87,0.87,3.00,9,-89,25
1438594344.19,34.36,54.72,0.81,0.87,0.88,3.00,9,-91,26
1438594646.26,34.17,55.24,0.81,0.87,0.89,3.00,9,-89,27
1438598552.36,32.09,61.02,0.82,0.91,0.97,3.00,8,-78,40
1438598845.69,32.06,61.35,0.82,0.91,0.97,3.00,4,-80,41
1438599144.79,31.95,62.30,0.82,0.91,0.96,3.00,4,-80,42
1438599446.01,31.84,62.76,0.82,0.91,0.97,3.00,4,-80,43
1438599744.20,31.76,62.92,0.82,0.91,0.97,3.00,4,-82,44
1438600048.68,31.69,63.13,0.82,0.91,0.96,3.00,4,-77,45
1438600345.00,31.60,63.41,0.82,0.91,0.96,3.00,4,-78,46
1438600644.42,31.54,63.47,0.82,0.91,0.98,3.00,4,-82,47
1438600946.85,31.48,63.80,0.82,0.92,0.99,3.00,4,-81,48
1438601246.12,31.42,63.96,0.82,0.92,0.99,3.00,4,-82,49
1438601548.33,31.38,64.23,0.82,0.91,0.97,3.00,4,-83,50
1438601847.87,31.38,64.34,0.82,0.91,0.97,3.00,4,-82,51
1438602148.51,31.34,64.17,0.82,0.91,0.96,3.00,4,-85,52
1438602443.97,31.29,64.18,0.82,0.91,0.97,3.00,4,-84,53
1438602745.83,31.24,64.28,0.82,0.91,0.97,3.00,4,-82,54
1438603049.12,31.24,64.16,0.82,0.91,0.97,3.00,4,-84,55
1438603345.58,31.21,64.40,0.82,0.92,0.98,3.00,4,-81,56
1438603644.31,31.19,64.60,0.82,0.92,0.99,3.00,4,-84,57
1438603945.76,31.19,65.32,0.82,0.92,0.98,3.00,4,-85,58
1438604244.88,31.23,65.40,0.82,0.91,0.97,3.00,4,-85,59
1438604545.58,31.18,66.27,0.82,0.91,0.97,3.00,4,-85,60
1438604844.84,31.14,66.13,0.82,0.91,0.98,3.00,4,-85,61
1438605146.41,31.08,66.26,0.82,0.91,0.98,3.00,4,-85,62
1438605446.08,31.08,66.31,0.82,0.91,0.99,3.00,4,-84,63
1438605744.85,31.02,66.92,0.82,0.91,0.98,3.00,4,-84,64
1438606044.08,30.99,66.96,0.82,0.92,0.98,3.00,4,-84,65
1438606344.14,30.96,66.93,0.82,0.93,1.00,3.00,4,-84,66
1438606646.25,30.92,67.03,0.82,0.92,0.98,3.00,4,-84,67
1438606944.60,30.90,67.76,0.82,0.91,0.97,3.00,4,-82,68
1438607246.09,30.86,67.66,0.82,0.91,0.98,3.00,4,-83,69
1438607544.90,30.78,67.87,0.82,0.92,0.98,3.00,4,-83,70
1438607844.54,30.74,67.77,0.82,0.93,1.00,3.00,4,-82,71
1438608144.24,30.71,67.77,0.82,0.91,0.98,3.00,4,-83,72
1438608446.43,30.69,68.00,0.82,0.91,0.97,3.00,4,-83,73
1438608745.05,30.63,68.12,0.82,0.92,0.99,3.00,4,-83,74
1438609044.05,30.62,68.35,0.82,0.92,0.98,3.00,4,-83,75
1438609344.05,30.62,68.52,0.82,0.91,0.97,3.00,4,-83,76
1438609643.80,30.62,68.55,0.82,0.91,0.98,3.00,4,-83,77
1438609943.95,30.62,68.77,0.82,0.92,0.99,3.00,4,-83,78
1438610243.89,30.62,68.94,0.82,0.92,1.00,3.00,4,-83,79
1438610544.02,30.63,68.94,0.82,0.92,0.99,3.00,4,-83,80
1438610845.97,30.60,69.11,0.82,0.91,0.96,3.00,4,-83,81
1438611146.70,30.60,69.25,0.82,0.91,0.97,3.00,4,-83,82
1438611444.20,30.58,69.23,0.82,0.92,0.98,3.00,4,-83,83
1438611745.00,30.50,69.35,0.81,0.92,0.98,3.00,4,-83,84
1438612043.88,30.45,69.39,0.81,0.92,0.98,3.00,4,-83,85
1438612345.63,30.39,69.57,0.81,0.92,0.99,3.00,4,-83,86
1438612644.88,30.36,69.60,0.81,0.92,0.99,3.00,4,-82,87
1438612946.72,30.33,69.53,0.81,0.92,1.00,3.00,4,-83,88
1438613245.56,30.31,69.47,0.81,0.92,0.99,3.00,4,-83,89
1438613544.99,30.29,69.48,0.81,0.91,0.96,3.00,4,-83,90
1438613843.68,30.27,69.68,0.81,0.91,0.98,3.00,4,-83,91
1438614144.62,30.25,69.68,0.81,0.91,0.98,3.00,4,-83,92
1438614444.73,30.23,70.05,0.81,0.92,0.99,3.00,4,-83,93
1438614744.24,30.20,70.05,0.81,0.93,0.99,3.00,4,-83,94
1438615043.81,30.13,70.09,0.81,0.91,0.98,3.00,4,-83,95
1438615345.71,30.07,70.44,0.81,0.91,0.98,3.00,4,-83,96
1438615643.93,30.05,70.58,0.81,0.91,0.98,3.00,4,-82,97
1438615945.94,30.01,70.70,0.81,0.91,0.96,3.00,4,-82,98
1438616245.86,30.00,71.03,0.81,0.91,0.97,3.00,4,-83,99
1438616549.80,29.96,71.12,0.81,0.91,0.98,3.00,4,-82,100
1438616847.68,29.95,71.32,0.81,0.91,0.97,3.00,4,-82,101
1438617143.89,29.94,71.52,0.81,0.91,0.98,3.00,4,-83,102
1438617445.02,29.91,71.99,0.81,0.92,0.99,3.00,4,-83,103
1438617744.96,29.91,72.24,0.81,0.91,0.98,3.00,4,-83,104
1438618044.39,29.91,72.48,0.81,0.91,0.98,3.00,4,-83,105
1438618346.49,29.88,72.49,0.81,0.91,0.97,3.00,4,-82,106
1438618643.87,29.87,72.57,0.81,0.91,0.97,3.00,4,-83,107
1438618946.30,29.88,72.65,0.81,0.91,0.98,3.00,4,-83,108
1438619244.36,29.89,72.54,0.81,0.91,0.97,3.00,4,-83,109
1438619544.62,29.84,72.63,0.81,0.91,0.97,3.00,4,-83,110
1438619852.89,29.86,72.63,0.81,0.90,0.95,3.00,4,-90,111
1438620143.59,29.88,72.79,0.81,0.90,0.96,3.00,40960,-90,112
1438620443.57,29.88,72.79,0.81,0.91,0.97,3.00,40960,-90,113
1438620743.54,29.85,72.66,0.81,0.92,0.99,3.00,40960,-90,114
1438621043.53,29.80,72.78,0.81,0.91,0.97,3.00,40960,-90,115
1438621343.58,29.74,72.87,0.81,0.91,0.97,3.00,40960,-90,116
1438621643.57,29.73,73.09,0.81,0.92,0.98,3.00,40960,-90,117
1438621943.59,29.74,73.34,0.81,0.92,0.98,3.00,40960,-90,118
1438622243.69,29.77,73.22,0.81,0.92,0.98,3.00,40960,-90,119
1438622543.56,29.76,72.92,0.81,0.92,0.99,3.00,40960,-90,120
1438622843.53,29.73,72.82,0.81,0.91,0.97,3.00,40960,-91,121
1438623143.52,29.73,72.57,0.81,0.91,0.98,3.00,40960,-90,122
1438623443.51,29.68,72.45,0.81,0.92,0.99,3.00,40960,-90,123
1438623743.48,29.65,72.51,0.81,0.90,0.96,3.00,40960,-90,124
1438624043.48,29.65,72.51,0.81,0.90,0.96,3.00,40960,-90,125
1438624343.51,29.66,72.48,0.81,0.91,0.97,3.00,40960,-91,126
1438624643.55,29.67,72.12,0.81,0.90,0.96,3.00,40960,-90,127
1438624943.62,29.65,71.90,0.81,0.90,0.95,3.00,40960,-90,128
1438625243.49,29.60,71.66,0.81,0.90,0.96,3.00,40960,-90,129
1438625543.47,29.58,71.64,0.81,0.90,0.96,3.00,40960,-90,130
1438625843.46,29.60,71.52,0.81,0.90,0.96,3.00,40960,-90,131
1438626143.68,29.59,71.33,0.81,0.90,0.96,3.00,40960,-91,132
1438626443.48,29.58,71.25,0.81,0.90,0.95,3.00,40960,-90,133
1438626743.48,29.55,71.15,0.81,0.90,0.96,3.00,40960,-90,134
1438627043.51,29.54,71.15,0.81,0.90,0.95,3.00,40960,-90,135
1438627343.51,29.57,71.31,0.81,0.90,0.95,3.00,40960,-91,136
1438627643.50,29.64,71.43,0.81,0.91,0.96,3.00,40960,-90,137
1438627943.49,29.63,71.46,0.81,0.89,0.94,3.00,40960,-90,138
1438628243.49,29.62,71.74,0.81,0.90,0.95,3.00,40960,-90,139
1438628543.50,29.62,71.85,0.81,0.90,0.95,3.00,40960,-90,140
1438628843.45,29.63,72.13,0.81,0.90,0.95,3.00,40960,-90,141
1438629143.41,29.65,72.15,0.81,0.90,0.96,3.00,40960,-90,142
1438629443.47,29.67,72.23,0.81,0.90,0.97,3.00,40960,-90,143
1438629743.46,29.66,72.37,0.81,0.89,0.95,3.00,40960,-90,144
1438630043.55,29.64,72.29,0.81,0.89,0.94,3.00,40960,-90,145
1438630343.45,29.64,72.51,0.81,0.89,0.94,3.00,40960,-90,146
1438630643.43,29.67,72.42,0.81,0.90,0.95,3.00,40960,-90,147
1438630943.44,29.61,72.38,0.80,0.90,0.95,3.00,40960,-90,148
1438631243.45,29.59,72.38,0.81,0.89,0.94,3.00,40960,-90,149
1438631543.44,29.55,72.69,0.80,0.90,0.94,3.00,40960,-90,150
1438631843.42,29.56,72.74,0.81,0.90,0.95,3.00,40960,-90,151
1438632143.43,29.54,72.80,0.80,0.89,0.95,3.00,40960,-90,152
1438632443.42,29.51,72.81,0.81,0.90,0.95,3.00,40960,-90,153
1438632743.40,29.50,72.92,0.81,0.90,0.95,3.00,40960,-90,154
1438633043.40,29.46,73.01,0.80,0.90,0.96,3.00,40960,-91,155
1438633343.40,29.46,73.15,0.80,0.90,0.95,3.00,40960,-91,156
1438633643.39,29.53,73.30,0.81,0.90,0.96,3.00,40960,-90,157
1438633943.41,29.55,73.02,0.80,0.89,0.94,3.00,40960,-90,158
1438634243.44,29.51,73.08,0.80,0.84,0.94,3.00,40960,-90,159
1438634543.36,29.48,73.09,0.80,0.90,0.95,3.00,40960,-90,160
1438634843.43,29.45,73.15,0.80,0.89,0.94,3.00,40960,-90,161
1438635143.38,29.44,73.48,0.80,0.89,0.95,3.00,40960,-90,162
1438635443.38,29.45,73.50,0.80,0.90,0.96,3.00,40960,-90,163
1438635743.35,29.46,73.64,0.80,0.91,0.97,3.00,40960,-90,164
1438636043.39,29.48,73.50,0.80,0.89,0.94,3.00,40960,-90,165
1438636343.40,29.42,73.45,0.80,0.89,0.95,3.00,40960,-90,166
1438636643.35,29.40,73.48,0.80,0.90,0.95,3.00,40960,-90,167
1438636943.39,29.36,73.52,0.80,0.89,0.94,3.00,40960,-90,168
1438637243.36,29.26,73.65,0.80,0.90,0.95,3.00,40960,-90,169
1438637543.35,29.20,73.63,0.80,0.89,0.93,3.00,40960,-90,170
1438637843.34,29.11,73.73,0.80,0.88,0.92,3.00,40960,-90,171
1438638143.35,29.04,73.75,0.80,0.89,0.92,3.00,40960,-90,172
1438638443.36,29.01,73.70,0.80,0.89,0.94,3.00,40960,-90,173
1438638743.40,28.99,73.70,0.80,0.90,0.95,3.00,40960,-90,174
1438639043.32,28.99,73.65,0.80,0.90,0.97,3.00,40960,-90,175
1438639343.33,29.00,73.59,0.80,0.90,0.97,3.00,40960,-90,176
1438639643.34,29.08,73.49,0.80,0.90,0.96,3.00,40960,-90,177
1438639943.34,29.14,73.32,0.80,0.88,0.92,3.00,40960,-90,178
1438640243.32,29.19,73.06,0.80,0.89,0.93,3.00,40960,-90,179
1438640543.33,29.24,73.00,0.80,0.89,0.94,3.00,40960,-90,180
1438640843.29,29.30,72.96,0.80,0.89,0.94,3.00,40960,-90,181
1438641143.32,29.36,73.00,0.80,0.89,0.95,3.00,40960,-90,182
1438641443.31,29.47,72.95,0.80,0.89,0.95,3.00,40960,-90,183
1438641743.32,29.56,72.83,0.80,0.90,0.95,3.00,40960,-90,184
1438642043.34,29.66,72.59,0.80,0.89,0.93,3.00,40960,-90,185
1438642343.28,29.73,72.22,0.80,0.89,0.94,3.00,40960,-90,186
1438642643.29,29.82,71.76,0.80,0.90,0.95,3.00,40960,-90,187
1438642943.29,29.91,71.38,0.80,0.89,0.94,3.00,40960,-90,188
1438643243.30,30.09,70.85,0.80,0.89,0.94,3.00,40960,-90,189
1438643543.31,30.31,70.45,0.80,0.90,0.95,3.00,40960,-90,190
1438643843.28,30.48,70.03,0.80,0.89,0.94,3.00,40960,-90,191
1438644143.32,30.63,69.42,0.80,0.88,0.92,3.00,40960,-90,192
1438644443.38,30.80,68.91,0.80,0.88,0.92,3.00,40960,-90,193
1438644743.30,31.02,68.48,0.80,0.88,0.92,3.00,40960,-90,194
1438645043.31,31.26,67.56,0.80,0.88,0.91,3.00,40960,-91,195
1438645343.30,31.44,66.31,0.80,0.89,0.92,3.00,40960,-90,196
1438645643.30,31.55,65.29,0.80,0.88,0.91,3.00,40960,-91,197
1438645943.29,31.68,64.72,0.80,0.87,0.90,3.00,40960,-91,198
1438646243.30,31.87,63.97,0.80,0.87,0.89,3.00,40960,-91,199
1438646543.26,32.08,63.30,0.80,0.87,0.88,3.00,40960,-91,200
1438646843.25,32.17,62.96,0.79,0.87,0.88,3.00,40960,-91,201
1438647143.26,32.15,62.47,0.79,0.87,0.89,3.00,40960,-90,202
1438647443.24,32.16,62.09,0.79,0.87,0.89,3.00,40960,-90,203
1438647743.26,32.22,62.05,0.79,0.87,0.89,3.00,40960,-90,204
1438648043.23,32.23,61.70,0.79,0.87,0.88,3.00,40960,-91,205
1438648343.23,32.25,61.32,0.79,0.87,0.88,3.00,40960,-91,206
1438648643.27,32.37,61.33,0.79,0.87,0.88,3.00,40960,-91,207
1438648943.23,32.55,61.03,0.79,0.86,0.99,3.00,40960,-91,208
1438649243.23,32.72,60.39,0.79,0.85,0.96,3.00,40960,-92,209
1438649543.29,32.93,59.97,0.79,0.85,0.97,3.00,40960,-92,210
1438649843.25,33.18,59.37,0.79,0.84,0.95,3.00,40960,-91,211
1438650143.26,33.44,58.68,0.79,0.84,0.95,3.00,40960,-92,212
1438650443.22,33.74,58.24,0.79,0.84,0.94,3.00,40960,-92,213
1438650743.24,34.08,57.36,0.78,0.83,0.92,3.00,40960,-92,214
1438651043.20,34.44,56.55,0.78,0.82,0.91,3.00,40960,-92,215
1438651343.23,34.86,55.59,0.78,0.94,0.87,3.00,40960,-92,216
1438651643.34,35.32,54.40,0.78,0.93,0.98,3.00,40960,-92,217
1438651943.23,35.87,53.02,0.77,0.92,0.96,3.00,40960,-92,218
1438652243.18,36.61,51.23,0.77,0.91,0.93,3.00,40960,-92,219
1438652544.00,37.41,49.58,0.77,0.89,0.89,3.00,40960,-91,220
1438652854.05,38.12,47.94,0.76,0.88,0.87,3.00,40960,-80,221
1438653144.17,39.11,45.84,0.76,0.87,0.84,3.00,9,-80,222
1438653444.00,40.07,43.41,0.75,0.85,0.92,3.00,9,-81,223
1438653744.16,41.09,41.67,0.75,0.83,0.87,3.00,9,-80,224
1438654043.90,42.45,39.75,0.74,0.81,0.81,3.00,9,-81,225
1438654344.16,43.99,37.16,0.74,0.77,0.86,3.00,9,-81,226
1438654646.64,45.49,35.12,0.73,0.75,0.80,3.00,9,-81,227
1438654946.00,46.80,31.97,0.73,0.73,0.75,3.00,9,-81,228
1438655243.57,47.26,31.03,0.72,0.72,0.74,3.00,9,-81,229
1438655543.43,47.90,29.98,0.72,0.71,0.71,3.00,9,-81,230
1438655844.44,48.29,29.18,0.71,0.70,0.78,3.00,9,-81,231
1438656143.81,48.66,28.14,0.71,0.69,0.76,3.00,9,-81,232
1438656444.02,49.06,27.27,0.71,0.68,0.74,3.00,9,-81,233
1438656750.23,49.05,27.03,0.71,0.68,0.77,3.00,9,-81,234
1438657044.04,48.96,27.21,0.71,0.69,0.78,3.00,9,-82,235
1438657344.41,49.59,26.89,0.71,0.68,0.73,3.00,9,-82,236
1438657645.10,49.65,26.01,0.71,0.68,0.74,3.00,9,-81,237
1438657943.32,50.17,25.49,0.71,0.68,0.72,3.00,9,-81,238
1438658244.21,50.31,25.21,0.71,0.68,0.72,3.00,9,-81,239
1438658544.55,50.56,24.38,0.70,0.68,0.74,3.00,9,-81,240
1438658843.45,50.55,24.24,0.70,0.68,0.74,3.00,9,-81,241
1438659143.32,51.14,23.99,0.70,0.75,0.72,3.00,9,-82,242
1438659443.99,51.30,23.74,0.70,0.72,0.69,3.00,9,-81,243
1438659743.30,51.77,22.93,0.70,0.71,0.69,3.00,9,-81,244
1438660044.02,52.19,22.14,0.70,0.71,0.69,3.00,9,-81,245
1438660343.66,52.73,21.70,0.69,0.70,0.72,3.00,9,-82,246
1438660645.18,53.25,21.46,0.69,0.69,0.70,3.00,9,-81,247
1438660944.24,53.81,21.01,0.69,0.68,0.69,3.00,9,-82,248
1438661244.36,54.03,20.65,0.69,0.67,0.68,3.00,9,-82,249
1438661544.39,54.39,20.56,0.69,0.67,0.68,3.00,9,-82,250
1438661843.46,54.57,20.55,0.68,0.66,0.68,3.00,9,-82,251
1438662143.99,54.90,20.25,0.68,0.66,0.68,3.00,9,-82,252
1438662443.57,55.21,19.82,0.68,0.66,0.68,3.00,9,-82,253
1438662744.11,55.46,19.36,0.68,0.66,0.68,3.00,9,-82,254
1438663043.42,55.72,18.89,0.68,0.66,0.68,3.00,9,-82,255
1438663344.14,55.96,18.60,0.68,0.66,0.68,3.00,9,-82,0
1438663643.66,56.24,18.24,0.68,0.66,0.67,3.00,9,-82,1
1438663945.54,56.51,18.09,0.67,0.66,0.67,3.00,9,-82,2
1438664243.87,56.53,17.26,0.67,0.66,0.67,3.00,9,-82,3
1438664543.56,56.22,17.55,0.68,0.66,0.67,3.00,9,-82,4
1438664844.23,56.23,17.69,0.68,0.66,0.67,3.00,9,-82,5
1438665144.45,56.41,17.95,0.67,0.66,0.67,3.00,9,-82,6
1438665443.53,56.71,17.87,0.67,0.66,0.67,3.00,9,-82,7
1438665745.32,56.96,17.58,0.67,0.66,0.67,3.00,9,-82,8
1438666044.22,57.12,17.50,0.67,0.65,0.67,3.00,9,-82,9
1438666344.52,57.17,17.36,0.67,0.65,0.66,3.00,9,-82,10
1438666644.19,56.53,17.81,0.67,0.66,0.67,3.00,9,-82,11
1438666943.61,56.47,17.99,0.67,0.66,0.67,3.00,9,-82,12
1438667243.68,56.59,17.94,0.67,0.66,0.67,3.00,9,-82,13
1438667544.28,56.71,17.87,0.67,0.66,0.67,3.00,9,-82,14
1438667844.38,56.79,17.59,0.67,0.66,0.67,3.00,9,-82,15
1438668143.70,56.95,17.37,0.67,0.66,0.67,3.00,9,-82,16
1438668443.99,57.22,17.28,0.67,0.65,0.67,3.00,9,-82,17
1438668745.21,57.24,17.21,0.67,0.66,0.67,3.00,9,-82,18
1438669043.77,57.29,17.07,0.67,0.66,0.67,3.00,9,-82,19
1438669343.58,57.25,17.35,0.67,0.66,0.67,3.00,9,-82,20
1438669644.32,57.07,17.36,0.67,0.66,0.67,3.00,9,-82,21
1438669943.47,57.33,17.42,0.67,0.66,0.67,3.00,9,-82,22
1438670244.26,57.64,17.19,0.67,0.66,0.67,3.00,9,-82,23
1438670544.87,57.89,17.04,0.67,0.65,0.67,3.00,9,-82,24
1438670843.95,57.67,17.02,0.67,0.65,0.67,3.00,9,-82,25
1438671144.16,56.90,17.65,0.67,0.66,0.67,3.00,9,-82,26
1438671444.32,56.62,17.91,0.67,0.66,0.67,3.00,9,-82,27
1438671743.61,56.57,18.01,0.67,0.66,0.67,3.00,9,-82,28
1438672043.76,56.48,18.02,0.67,0.66,0.68,3.00,9,-82,29
1438672344.81,56.34,18.03,0.67,0.66,0.67,3.00,9,-82,30
1438672643.57,55.89,18.33,0.68,0.66,0.68,3.00,9,-82,31
1438672943.68,54.99,19.14,0.68,0.66,0.67,3.00,9,-82,32
1438673244.47,54.37,19.67,0.68,0.66,0.68,3.00,9,-82,33
1438673545.13,53.75,20.19,0.69,0.67,0.68,3.00,9,-81,34
1438673845.29,53.23,20.70,0.69,0.68,0.68,3.00,9,-81,35
1438674143.56,52.68,21.01,0.69,0.70,0.72,3.00,9,-81,36
1438674444.44,52.22,21.56,0.70,0.71,0.69,3.00,9,-82,37
1438674746.28,51.74,21.90,0.70,0.72,0.69,3.00,9,-81,38
1438675045.34,51.26,22.48,0.70,0.72,0.69,3.00,9,-85,39
1438675343.73,50.64,22.94,0.70,0.68,0.72,3.00,9,-89,40
1438675644.20,50.27,23.44,0.71,0.67,0.72,3.00,9,-91,41
1438675946.86,49.26,24.47,0.71,0.68,0.74,3.00,9,-92,42
1438676243.87,48.17,25.44,0.71,0.70,0.78,3.00,9,-89,43
1438676544.21,47.15,27.01,0.72,0.72,0.72,3.00,9,-83,44
1438676846.06,46.18,27.97,0.73,0.73,0.75,3.00,9,-83,45
1438677143.56,45.27,29.40,0.73,0.74,0.79,3.00,9,-84,46
1438677443.60,44.34,30.55,0.73,0.76,0.83,3.00,9,-85,47
1438677749.68,43.48,31.90,0.74,0.78,0.87,3.00,9,-82,48
1438678045.46,42.66,33.51,0.74,0.80,0.80,3.00,9,-86,49
1438678344.11,41.85,35.51,0.74,0.81,0.82,3.00,9,-90,50
1438678644.02,41.06,36.84,0.75,0.82,0.86,3.00,9,-91,51
1438678946.46,40.40,38.15,0.75,0.83,0.89,3.00,9,-93,52
1438679243.52,39.88,39.12,0.75,0.84,0.90,3.00,40960,-88,53
1438679543.51,39.52,39.68,0.75,0.84,0.91,3.00,40960,-88,54
1438679843.57,39.12,40.70,0.75,0.86,0.94,3.00,40960,-89,55
1438680143.52,38.84,41.37,0.76,0.86,0.83,3.00,40960,-88,56
1438680443.47,38.33,42.30,0.76,0.86,0.83,3.00,40960,-89,57
1438680743.44,37.93,43.28,0.76,0.87,0.86,3.00,40960,-89,58
1438681043.44,37.50,44.32,0.76,0.88,0.88,3.00,40960,-89,59
1438681343.49,37.12,45.45,0.76,0.88,0.88,3.00,40960,-89,60
1438681643.51,36.66,46.61,0.76,0.89,0.90,3.00,40960,-88,61
1438681943.45,36.22,47.74,0.77,0.90,0.92,3.00,40960,-89,62
1438682243.57,35.87,48.66,0.77,0.90,0.93,3.00,40960,-88,63
1438682543.46,35.57,49.45,0.77,0.90,0.93,3.00,40960,-88,64
1438682843.46,35.25,50.12,0.77,0.92,0.96,3.00,40960,-89,65
1438683143.47,34.98,50.65,0.77,0.92,0.96,3.00,40960,-88,66
1438683443.48,34.72,51.27,0.77,0.93,0.98,3.00,40960,-88,67
1438683743.45,34.45,51.99,0.77,0.93,0.99,3.00,40960,-88,68
1438684043.47,34.22,52.48,0.77,0.93,1.00,3.00,40960,-88,69
1438684343.47,34.01,52.82,0.78,0.93,1.00,3.00,40960,-88,70
1438684643.44,33.82,53.37,0.78,0.94,0.89,3.00,40960,-88,71
1438684943.43,33.66,54.06,0.78,0.95,0.91,3.00,40960,-87,72
1438685243.40,33.49,54.94,0.78,0.95,0.91,3.00,40960,-88,73
1438685543.43,33.29,55.73,0.78,0.94,0.89,3.00,40960,-88,74
1438685843.39,33.10,56.15,0.78,0.94,0.89,3.00,40960,-87,75
1438686143.44,32.95,56.81,0.78,0.95,0.92,3.00,40960,-88,76
1438686443.53,32.84,57.18,0.78,0.95,0.92,3.00,40960,-87,77
1438686743.40,32.74,57.71,0.78,0.95,0.90,3.00,40960,-87,78
1438687043.41,32.63,58.18,0.78,0.83,0.93,3.00,40960,-85,79
1438687343.49,32.56,58.51,0.78,0.84,0.95,3.00,40960,-86,80
1438687643.42,32.51,59.18,0.78,0.85,0.96,3.00,40960,-86,81
1438687943.44,32.46,59.69,0.78,0.85,0.97,3.00,40960,-86,82
1438688243.41,32.44,60.49,0.78,0.85,0.98,3.00,40960,-86,83
1438688543.40,32.42,61.20,0.78,0.85,0.98,3.00,40960,-86,84
1438688843.41,32.38,61.91,0.78,0.85,0.98,3.00,40960,-87,85
1438689143.37,32.40,62.11,0.78,0.85,0.98,3.00,40960,-86,86
1438689443.77,32.36,62.12,0.78,0.85,0.98,3.00,40960,-87,87
1438689743.39,32.32,62.15,0.78,0.85,0.98,3.00,40960,-88,88
1438690043.36,32.29,62.19,0.78,0.85,0.97,3.00,40960,-85,89
1438690343.41,32.21,62.20,0.78,0.85,0.97,3.00,40960,-88,90
1438690643.39,32.13,62.88,0.78,0.85,0.97,3.00,40960,-87,91
1438690943.35,32.01,63.31,0.78,0.85,0.96,3.00,40960,-85,92
1438691243.40,31.90,63.73,0.78,0.85,0.97,3.00,40960,-86,93
1438691543.39,31.82,64.04,0.78,0.85,0.98,3.00,40960,-86,94
1438691843.36,31.75,64.19,0.78,0.85,0.97,3.00,40960,-86,95
1438692143.37,31.66,64.41,0.78,0.86,0.99,3.00,40960,-86,96
1438692443.37,31.59,64.71,0.78,0.85,0.98,3.00,40960,-86,97
1438692743.34,31.54,64.75,0.78,0.85,0.97,3.00,40960,-85,98
1438693043.38,31.46,64.85,0.78,0.86,0.99,3.00,40960,-85,99
1438693343.38,31.44,65.11,0.78,0.85,0.97,3.00,40960,-86,100
1438693643.53,31.38,65.29,0.78,0.84,0.96,3.00,40960,-86,101
1438693943.34,31.34,65.38,0.78,0.84,0.96,3.00,40960,-86,102
1438694243.36,31.28,65.22,0.78,0.84,0.96,3.00,40960,-86,103
1438694543.36,31.26,65.54,0.78,0.85,0.97,3.00,40960,-86,104
1438694843.33,31.17,65.73,0.78,0.85,0.98,3.00,40960,-86,105
1438695143.34,31.15,65.90,0.78,0.84,0.97,3.00,40960,-86,106
1438695443.32,31.16,66.56,0.78,0.84,0.97,3.00,40960,-85,107
1438695743.37,31.13,66.76,0.78,0.84,0.97,3.00,40960,-85,108
1438696043.34,31.06,67.03,0.78,0.85,0.98,3.00,40960,-86,109
1438696343.33,31.00,66.90,0.78,0.86,0.87,3.00,40960,-85,110
1438696643.29,30.97,66.73,0.78,0.86,0.88,3.00,40960,-86,111
1438696943.31,30.92,66.57,0.78,0.85,0.99,3.00,40960,-82,112
1438697243.33,30.89,66.75,0.78,0.85,0.97,3.00,40960,-82,113
1438697543.34,30.84,67.35,0.78,0.85,0.98,3.00,40960,-82,114
1438697843.30,30.84,67.86,0.78,0.85,0.98,3.00,40960,-82,115
1438698143.27,30.81,67.75,0.78,0.85,0.97,3.00,40960,-83,116
1438698443.34,30.79,68.09,0.78,0.85,0.98,3.00,40960,-84,117
1438698743.33,30.73,68.44,0.78,0.86,0.88,3.00,40960,-85,118
1438699043.31,30.68,68.73,0.78,0.85,0.99,3.00,40960,-84,119
1438699343.27,30.65,69.24,0.78,0.85,0.97,3.00,40960,-84,120
1438699643.28,30.63,70.06,0.78,0.85,0.99,3.00,40960,-84,121
1438699943.29,30.53,70.05,0.78,0.86,0.88,3.00,40960,-83,122
1438700243.30,30.23,69.29,0.78,0.86,0.99,3.00,40960,-84,123
1438700543.25,30.08,69.43,0.78,0.85,0.99,3.00,40960,-84,124
1438700843.31,29.96,69.57,0.79,0.85,1.00,3.00,40960,-84,125
1438701143.26,30.00,69.75,0.78,0.86,1.00,3.00,40960,-84,126
1438701443.27,30.00,70.03,0.78,0.85,0.98,3.00,40960,-84,127
1438701743.29,30.03,70.36,0.78,0.86,0.99,3.00,40960,-84,128
1438702043.27,30.08,70.60,0.78,0.85,0.98,3.00,40960,-84,129
1438702343.28,30.11,70.76,0.78,0.86,0.99,3.00,40960,-85,130
1438702643.26,30.10,71.02,0.78,0.86,0.99,3.00,40960,-83,131
1438702943.26,30.06,71.30,0.78,0.85,0.98,3.00,40960,-83,132
1438703244.16,30.08,71.32,0.78,0.85,0.98,3.00,40960,-84,133
1438703543.25,30.07,71.46,0.78,0.86,0.99,3.00,40960,-83,134
1438703843.21,30.08,71.57,0.78,0.86,0.99,3.00,40960,-84,135
1438704143.26,30.06,71.69,0.78,0.85,0.98,3.00,40960,-84,136
1438704443.23,30.04,71.96,0.78,0.85,0.98,3.00,40960,-84,137
1438704743.27,30.05,71.77,0.78,0.85,0.99,3.00,40960,-84,138
1438705043.23,30.04,71.94,0.78,0.86,0.99,3.00,40960,-84,139
1438705343.23,30.09,72.56,0.78,0.97,0.96,3.00,40960,-84,140
1438705643.23,30.11,73.02,0.78,0.84,0.96,3.00,40960,-84,141
1438705943.23,30.08,73.05,0.78,0.85,0.98,3.00,40960,-84,142
1438706243.30,30.08,73.16,0.78,0.97,0.97,3.00,40960,-84,143
1438706543.21,30.07,72.78,0.78,0.84,0.97,3.00,40960,-84,144
1438706843.22,30.05,72.76,0.78,0.97,0.96,3.00,40960,-84,145
1438707143.25,29.97,72.58,0.78,0.97,0.97,3.00,40960,-83,146
1438707443.19,29.96,72.58,0.78,0.98,0.99,3.00,40960,-84,147
1438707743.18,29.94,72.48,0.78,0.98,0.97,3.00,40960,-83,148
1438708043.20,29.92,72.40,0.78,0.97,0.96,3.00,40960,-84,149
1438708343.20,29.90,72.32,0.78,0.97,0.96,3.00,40960,-84,150
1438708643.20,29.87,72.49,0.78,0.98,0.97,3.00,40960,-84,151
1438708943.18,29.84,72.55,0.78,0.98,0.97,3.00,40960,-84,152
1438709243.21,29.80,72.61,0.78,0.98,0.97,3.00,40960,-83,153
1438709543.22,29.83,72.53,0.78,0.98,0.97,3.00,40960,-84,154
1438709843.93,29.84,72.66,0.78,0.97,0.96,3.00,40960,-84,155
1438710143.19,29.85,73.42,0.78,0.97,0.97,3.00,40960,-84,156
1438710443.15,29.84,73.64,0.78,0.98,0.99,3.00,40960,-84,157
1438710743.19,29.82,73.87,0.78,0.97,0.96,3.00,40960,-84,158
1438711043.19,29.78,74.14,0.78,0.97,0.96,3.00,40960,-84,159
1438711343.37,29.74,74.40,0.78,0.96,0.95,3.00,40960,-84,160
1438711643.19,29.74,74.45,0.78,0.97,0.96,3.00,40960,-84,161
1438711943.19,29.67,74.60,0.78,0.96,0.95,3.00,40960,-84,162
1438712243.25,29.60,74.80,0.78,0.97,0.96,3.00,40960,-84,163
1438712543.17,29.60,74.86,0.78,0.98,0.98,3.00,40960,-84,164
1438712843.19,29.53,75.00,0.78,0.98,0.98,3.00,40960,-84,165
1438713143.18,29.47,75.12,0.78,0.98,0.98,3.00,40960,-84,166
1438713443.19,29.41,75.32,0.78,0.97,0.98,3.00,40960,-84,167
1438713743.15,29.37,75.47,0.78,0.97,0.97,3.00,40960,-83,168
1438714043.30,29.31,75.64,0.78,0.98,0.99,3.00,40960,-84,169
1438714343.21,29.29,75.83,0.78,0.98,0.99,3.00,40960,-84,170
1438714643.18,29.25,76.05,0.78,0.98,0.98,3.00,40960,-84,171
1438714943.17,29.24,76.11,0.78,0.97,0.97,3.00,40960,-83,172
1438715243.16,29.22,76.14,0.78,0.97,0.96,3.00,40960,-84,173
1438715543.11,29.19,76.09,0.78,0.97,0.96,3.00,40960,-84,174
1438715843.18,29.13,76.00,0.78,0.97,0.97,3.00,40960,-84,175
1438716143.24,29.07,76.06,0.78,0.97,0.98,3.00,40960,-84,176
1438716443.13,29.04,76.07,0.78,0.97,0.97,3.00,40960,-84,177
1438716743.13,29.01,75.99,0.78,0.97,0.96,3.00,40960,-84,178
1438717043.13,28.94,76.09,0.78,0.97,0.95,3.00,40960,-83,179
1438717343.11,28.91,76.15,0.78,0.98,0.98,3.00,40960,-84,180
1438717643.22,28.87,76.24,0.78,0.96,0.95,3.00,40960,-83,181
1438717943.34,28.83,76.27,0.78,0.97,0.97,3.00,40960,-84,182
1438718243.07,28.77,76.39,0.78,0.98,0.98,3.00,40960,-84,183
1438718543.14,28.76,76.55,0.78,0.97,0.97,3.00,40960,-84,184
1438718843.13,28.74,76.66,0.78,0.97,0.97,3.00,40960,-84,185
1438719143.06,28.72,76.67,0.78,0.98,0.99,3.00,40960,-84,186
1438719443.08,28.71,76.70,0.78,0.98,0.98,3.00,40960,-83,187
1438719743.08,28.68,76.70,0.77,0.97,0.98,3.00,40960,-83,188
1438720043.09,28.67,76.70,0.77,0.96,0.95,3.00,40960,-83,189
1438720343.08,28.67,76.73,0.77,0.97,0.96,3.00,40960,-83,190
1438720643.09,28.70,76.57,0.77,0.97,0.97,3.00,40960,-83,191
1438720943.76,28.70,76.57,0.78,0.97,0.96,3.00,40960,-83,192
1438721243.13,28.70,76.62,0.77,0.96,0.94,3.00,40960,-84,193
1438721543.06,28.69,76.62,0.77,0.97,0.96,3.00,40960,-83,194
1438721843.09,28.71,76.64,0.77,0.96,0.94,3.00,40960,-84,195
1438722143.10,28.71,76.59,0.77,0.97,0.96,3.00,40960,-83,196
1438722443.09,28.73,76.53,0.77,0.97,0.96,3.00,40960,-83,197
1438722743.14,28.75,76.64,0.77,0.97,0.97,3.00,40960,-83,198
1438723043.09,28.76,76.61,0.77,0.97,0.98,3.00,40960,-84,199
1438723343.05,28.75,76.58,0.77,0.97,0.96,3.00,40960,-83,200
1438723643.04,28.78,76.42,0.77,0.96,0.94,3.00,40960,-84,201
1438723943.06,28.78,76.23,0.77,0.96,0.95,3.00,40960,-84,202
1438724243.07,28.80,76.30,0.77,0.96,0.95,3.00,40960,-84,203
1438724543.05,28.81,76.41,0.77,0.96,0.95,3.00,40960,-84,204
1438724843.03,28.85,76.21,0.77,0.96,0.94,3.00,40960,-83,205
1438725143.05,28.88,76.05,0.77,0.96,0.95,3.00,40960,-84,206
1438725443.04,28.92,75.91,0.77,0.97,0.96,3.00,40960,-83,207
1438725743.01,28.92,75.77,0.77,0.97,0.97,3.00,40960,-84,208
1438726043.00,28.97,75.76,0.77,0.97,0.96,3.00,40960,-83,209
1438726343.04,29.07,75.53,0.77,0.96,0.95,3.00,40960,-83,210
1438726644.36,29.16,75.35,0.77,0.94,0.86,3.00,40960,-83,211
1438726943.03,29.27,75.30,0.77,0.96,0.94,3.00,40960,-84,212
1438727243.05,29.37,75.01,0.77,0.95,0.92,3.00,40960,-84,213
1438727543.02,29.49,74.31,0.77,0.95,0.93,3.00,40960,-84,214
1438727842.97,29.64,73.47,0.77,0.96,0.94,3.00,40960,-84,215
1438728142.98,29.80,72.75,0.77,0.95,0.86,3.00,40960,-84,216
1438728443.04,29.95,72.06,0.77,0.94,0.91,3.00,40960,-83,217
1438728743.20,30.15,71.53,0.77,0.94,0.91,3.00,40960,-84,218
1438729043.03,30.35,70.89,0.77,0.94,0.91,3.00,40960,-84,219
1438729343.04,30.63,70.39,0.77,0.93,1.01,3.00,40960,-84,220
1438729642.98,30.97,69.27,0.76,0.93,1.01,3.00,40960,-84,221
1438729943.01,31.36,68.19,0.76,0.92,0.99,3.00,40960,-84,222
1438730242.96,31.75,66.99,0.76,0.92,0.99,3.00,40960,-84,223
1438730542.99,32.15,66.07,0.76,0.92,0.99,3.00,40960,-84,224
1438730842.96,32.65,64.90,0.76,0.91,0.98,3.00,40960,-84,225
1438731142.98,33.22,63.14,0.76,0.91,0.95,3.00,40960,-84,226
1438731443.02,33.79,61.33,0.75,0.86,0.81,3.00,40960,-85,227
1438731744.14,34.39,59.65,0.75,0.80,0.82,3.00,40960,-84,228
1438732043.16,35.06,57.98,0.75,0.88,0.89,3.00,40960,-84,229
1438732342.94,35.61,56.35,0.75,0.87,0.88,3.00,40960,-85,230
1438732643.01,36.04,54.30,0.74,0.86,0.85,3.00,40960,-85,231
1438732942.89,36.55,53.53,0.74,0.86,0.84,3.00,40960,-85,232
1438733242.98,37.04,52.40,0.74,0.85,0.94,3.00,40960,-85,233
1438733542.99,37.40,50.82,0.74,0.84,0.92,3.00,40960,-85,234
1438733842.99,37.69,49.58,0.74,0.83,0.91,3.00,40960,-86,235
1438734142.97,38.02,48.70,0.74,0.83,0.91,3.00,40960,-86,236
1438734443.04,38.37,47.65,0.73,0.83,0.89,3.00,40960,-84,237
1438734743.26,38.82,46.85,0.73,0.82,0.87,3.00,40960,-84,238
1438735042.98,39.36,45.84,0.73,0.81,0.84,3.00,40960,-85,239
1438735343.68,39.76,44.27,0.73,0.80,0.83,3.00,40960,-85,240
1438735642.92,40.23,43.14,0.73,0.80,0.82,3.00,40960,-85,241
1438735942.91,40.75,42.44,0.72,0.79,0.80,3.00,40960,-85,242
1438736242.93,41.18,40.47,0.72,0.78,0.78,3.00,40960,-85,243
1438736542.94,41.64,40.03,0.72,0.77,0.87,3.00,40960,-86,244
1438736842.97,41.92,38.35,0.72,0.77,0.87,3.00,40960,-86,245
1438737143.00,42.34,38.08,0.72,0.76,0.85,3.00,40960,-86,246
1438737442.94,42.87,37.44,0.71,0.75,0.82,3.00,40960,-86,247
1438737742.94,43.52,36.07,0.71,0.74,0.80,3.00,40960,-86,248
1438738043.76,44.04,34.93,0.70,0.68,0.72,3.00,40960,-86,249
1438738342.93,44.64,34.28,0.71,0.72,0.76,3.00,40960,-87,250
1438738642.93,44.92,33.70,0.71,0.72,0.75,3.00,40960,-87,251
1438738942.93,45.02,32.83,0.71,0.73,0.76,3.00,40960,-87,252
1438739242.94,45.10,32.89,0.70,0.73,0.78,3.00,40960,-87,253
1438739542.91,45.30,32.93,0.70,0.71,0.75,3.00,40960,-87,254
1438739842.93,45.22,32.15,0.70,0.72,0.74,3.00,40960,-87,255
1438740142.93,45.09,32.66,0.70,0.73,0.75,3.00,40960,-87,0
1438740442.96,45.18,32.71,0.70,0.74,0.79,3.00,40960,-88,1
1438740742.93,45.48,32.39,0.70,0.83,0.83,3.00,40960,-88,2
1438741042.92,45.92,31.82,0.70,0.80,0.76,3.00,40960,-87,3
1438741342.93,46.01,31.48,0.70,0.80,0.77,3.00,40960,-88,4
1438741642.94,45.87,31.09,0.70,0.80,0.76,3.00,40960,-88,5
1438741942.95,45.79,30.63,0.70,0.80,0.77,3.00,40960,-88,6
1438742242.96,45.75,30.57,0.70,0.82,0.81,3.00,40960,-87,7
1438742542.97,45.58,30.71,0.70,0.85,0.86,3.00,40960,-87,8
1438742842.95,45.91,30.69,0.70,0.82,0.81,3.00,40960,-88,9
1438743142.94,46.44,30.10,0.70,0.79,0.74,3.00,40960,-88,10
1438743442.92,47.05,29.58,0.69,0.77,0.82,3.00,40960,-89,11
1438743742.94,47.39,29.02,0.69,0.76,0.78,3.00,40960,-88,12
1438744042.95,47.68,28.42,0.69,0.75,0.77,3.00,40960,-88,13
1438744342.94,47.49,28.61,0.69,0.76,0.79,3.00,40960,-88,14
1438744642.91,47.59,28.73,0.69,0.76,0.79,3.00,40960,-89,15
1438744942.95,47.69,28.46,0.69,0.75,0.77,3.00,40960,-88,16
1438745242.97,47.77,27.91,0.69,0.77,0.79,3.00,40960,-88,17
1438745542.93,48.02,27.62,0.69,0.77,0.80,3.00,40960,-88,18
1438745842.96,47.70,27.92,0.69,0.75,0.77,3.00,40960,-88,19
1438746142.93,47.17,27.86,0.69,0.77,0.80,3.00,40960,-89,20
1438746442.96,46.66,28.61,0.69,0.77,0.82,3.00,40960,-89,21
1438746742.92,46.38,28.97,0.70,0.78,0.73,3.00,40960,-88,22
1438747042.96,46.89,28.86,0.69,0.77,0.80,3.00,40960,-88,23
1438747343.81,47.58,28.26,0.69,0.75,0.78,3.00,40960,-88,24
1438747642.96,47.99,27.72,0.69,0.75,0.76,3.00,40960,-88,25
1438747942.95,48.06,28.02,0.69,0.77,0.80,3.00,40960,-88,26
1438748242.94,47.78,27.98,0.69,0.77,0.81,3.00,40960,-89,27
1438748543.49,47.77,28.25,0.69,0.77,0.80,3.00,40960,-88,28
1438748842.98,48.18,28.55,0.69,0.77,0.78,3.00,40960,-88,29
1438749142.98,48.40,27.86,0.69,0.73,0.72,3.00,40960,-89,30
1438749442.93,47.75,28.05,0.69,0.75,0.77,3.00,40960,-89,31
1438749742.95,47.36,28.15,0.69,0.77,0.80,3.00,40960,-89,32
1438750042.95,47.90,27.56,0.69,0.75,0.77,3.00,40960,-89,33
1438750342.98,48.45,26.95,0.69,0.73,0.73,3.00,40960,-89,34
1438750642.93,48.44,27.28,0.69,0.76,0.77,3.00,40960,-90,35
1438750942.98,48.31,27.40,0.69,0.76,0.77,3.00,40960,-90,36
1438751243.05,48.07,27.48,0.69,0.75,0.76,3.00,40960,-90,37
1438751542.93,47.66,28.32,0.69,0.75,0.77,3.00,40960,-91,38
1438751842.97,47.26,27.99,0.69,0.76,0.79,3.00,40960,-91,39
1438752143.02,47.06,28.07,0.69,0.70,0.71,3.00,40960,-91,40
1438752442.94,46.97,28.58,0.69,0.76,0.80,3.00,40960,-90,41
1438752743.11,47.17,29.00,0.69,0.76,0.80,3.00,40960,-90,42
1438753042.99,47.53,28.74,0.69,0.76,0.79,3.00,40960,-91,43
1438753343.02,46.92,28.92,0.69,0.77,0.81,3.00,40960,-90,44
1438753642.99,45.72,30.70,0.70,0.79,0.76,3.00,40960,-90,45
1438753942.96,44.53,32.94,0.71,0.72,0.76,3.00,40960,-88,46
1438754242.96,43.21,34.85,0.71,0.74,0.81,3.00,40960,-86,47
1438754542.96,41.94,36.95,0.72,0.76,0.85,3.00,40960,-82,48
1438754842.97,40.73,39.29,0.72,0.78,0.90,3.00,40960,-82,49
1438755142.99,39.69,41.86,0.73,0.80,0.82,3.00,40960,-82,50
1438755442.93,38.84,43.78,0.73,0.82,0.87,3.00,40960,-81,51
1438755743.08,38.12,45.17,0.73,0.83,0.89,3.00,40960,-83,52
1438756042.95,37.55,46.38,0.74,0.84,0.91,3.00,40960,-85,53
1438756342.97,37.09,47.44,0.74,0.84,0.93,3.00,40960,-88,54
1438756642.92,36.75,48.39,0.74,0.85,0.94,3.00,40960,-88,55
1438756942.95,36.42,48.97,0.74,0.86,0.96,3.00,40960,-87,56
1438757242.94,36.14,49.34,0.74,0.86,0.97,3.00,40960,-86,57
1438757542.95,36.04,49.95,0.74,0.86,0.84,3.00,40960,-87,58
1438757842.95,35.91,50.31,0.74,0.86,0.97,3.00,40960,-87,59
1438758142.94,35.74,50.55,0.74,0.87,0.86,3.00,40960,-87,60
1438758442.95,35.52,51.23,0.74,0.87,0.87,3.00,40960,-87,61
1438758742.90,35.35,52.20,0.74,0.87,0.87,3.00,40960,-86,62
1438759042.95,35.22,53.29,0.74,0.88,0.88,3.00,40960,-86,63
1438759342.92,35.13,53.92,0.75,0.88,0.90,3.00,40960,-86,64
1438759642.91,35.09,53.95,0.75,0.88,0.89,3.00,40960,-86,65
1438759942.90,35.11,54.28,0.75,0.90,0.92,3.00,40960,-87,66
1438760243.10,35.17,54.49,0.74,0.87,0.86,3.00,40960,-86,67
1438760542.91,35.23,53.81,0.74,0.87,0.87,3.00,40960,-86,68
1438760842.91,35.38,53.42,0.74,0.87,0.87,3.00,40960,-86,69
1438761142.90,35.46,52.77,0.74,0.87,0.86,3.00,40960,-86,70
1438761442.95,35.65,52.50,0.74,0.86,0.86,3.00,40960,-86,71
1438761742.92,35.85,52.59,0.74,0.86,0.96,3.00,40960,-86,72
1438762042.94,36.02,51.68,0.74,0.86,0.85,3.00,40960,-86,73
1438762342.91,36.04,51.68,0.74,0.87,0.87,3.00,40960,-85,74
1438762643.10,35.94,51.91,0.74,0.88,0.89,3.00,40960,-86,75
1438762942.87,35.86,52.35,0.74,0.87,0.87,3.00,40960,-86,76
1438763242.90,35.73,52.27,0.74,0.86,0.96,3.00,40960,-87,77
1438763542.94,35.61,52.57,0.74,0.86,0.86,3.00,40960,-87,78
1438763842.86,35.47,52.62,0.74,0.86,0.84,3.00,40960,-88,79
1438764142.89,35.33,52.48,0.74,0.87,0.86,3.00,40960,-88,80
1438764442.87,35.16,52.23,0.74,0.87,0.86,3.00,40960,-88,81
1438764742.91,35.01,51.76,0.74,0.87,0.87,3.00,40960,-87,82
1438765042.92,34.85,51.93,0.74,0.87,0.88,3.00,40960,-88,83
1438765342.88,34.69,51.89,0.74,0.88,0.90,3.00,40960,-87,84
1438765642.89,34.48,52.08,0.75,0.89,0.91,3.00,40960,-88,85
1438765942.90,34.26,52.66,0.75,0.88,0.89,3.00,40960,-87,86
1438766242.86,34.06,53.27,0.75,0.89,0.90,3.00,40960,-87,87
1438766542.88,33.87,53.97,0.75,0.89,0.93,3.00,40960,-87,88
1438766842.86,33.68,54.94,0.75,0.90,0.93,3.00,40960,-86,89
1438767142.88,33.50,55.34,0.75,0.90,0.94,3.00,40960,-86,90
1438767442.85,33.30,55.64,0.75,0.90,0.95,3.00,40960,-85,91
1438767742.86,33.06,56.13,0.75,0.90,0.95,3.00,40960,-85,92
1438768042.88,32.83,56.67,0.75,0.90,0.94,3.00,40960,-85,93
1438768342.89,32.59,57.01,0.75,0.91,0.95,3.00,40960,-85,94
1438768642.87,32.37,57.86,0.75,0.91,0.96,3.00,40960,-85,95
1438768942.82,32.17,58.81,0.75,0.91,0.95,3.00,40960,-85,96
1438769242.89,32.04,59.43,0.75,0.91,0.97,3.00,40960,-85,97
1438769542.85,31.90,59.84,0.76,0.92,0.99,3.00,40960,-85,98
1438769842.84,31.71,60.34,0.76,0.92,0.97,3.00,40960,-85,99
1438770142.80,31.52,61.05,0.76,0.92,0.98,3.00,40960,-84,100
1438770442.84,31.34,61.55,0.76,0.92,0.99,3.00,40960,-85,101
1438770742.82,31.19,62.07,0.76,0.91,0.97,3.00,40960,-84,102
1438771042.84,31.05,62.45,0.76,0.92,0.99,3.00,40960,-84,103
1438771342.83,30.92,63.02,0.76,0.93,1.01,3.00,40960,-85,104
1438771642.96,30.82,63.59,0.76,0.93,1.01,3.00,40960,-84,105
1438771942.83,30.74,64.33,0.76,0.94,0.90,3.00,40960,-84,106
1438772242.81,30.68,64.95,0.76,0.94,0.90,3.00,40960,-85,107
1438772542.85,30.63,65.36,0.76,0.93,1.01,3.00,40960,-85,108
1438772842.83,30.58,65.97,0.76,0.93,1.01,3.00,40960,-85,109
1438773142.81,30.55,66.46,0.76,0.94,0.90,3.00,40960,-84,110
1438773442.76,30.32,67.61,0.76,0.93,1.01,3.00,40960,-85,111
1438773742.79,30.04,68.43,0.76,0.93,1.02,3.00,40960,-86,112
1438774042.82,29.84,68.91,0.76,0.94,0.91,3.00,40960,-84,113
1438774342.82,29.66,69.98,0.76,0.94,0.91,3.00,40960,-84,114
1438774642.79,29.53,71.43,0.76,0.93,1.01,3.00,40960,-83,115
1438774942.78,29.36,72.09,0.76,0.94,1.03,3.00,40960,-84,116
1438775242.82,29.17,73.15,0.76,0.94,1.03,2.99,40960,-81,117
1438775542.83,29.07,74.04,0.76,0.94,0.91,3.00,40960,-82,118
1438775842.77,28.84,74.46,0.76,0.95,0.92,3.00,40960,-82,119
1438776142.80,28.71,75.60,0.76,0.94,0.91,3.00,40960,-83,120
1438776442.78,28.68,75.98,0.76,0.95,0.92,2.99,40960,-82,121
1438776742.81,28.70,76.06,0.76,0.95,0.94,2.99,40960,-86,122
1438777042.76,28.78,76.23,0.76,0.95,0.94,3.00,40960,-87,123
1438777342.77,28.82,76.62,0.76,0.95,0.95,2.99,40960,-87,124
1438777643.28,28.84,76.88,0.76,0.90,0.92,2.99,40960,-87,125
1438777942.78,28.84,76.78,0.76,0.94,0.91,2.99,40960,-87,126
1438778242.77,28.80,76.38,0.76,0.95,0.92,2.99,40960,-87,127
1438778542.79,28.78,76.66,0.76,0.95,0.94,2.99,40960,-86,128
1438778842.77,28.72,76.91,0.76,0.95,0.94,2.99,40960,-86,129
1438779142.74,28.73,77.09,0.76,0.95,0.95,2.99,40960,-85,130
1438779442.75,28.73,77.17,0.76,0.95,0.95,2.99,40960,-85,131
1438779742.74,28.74,77.17,0.76,0.95,0.95,2.99,40960,-85,132
1438780042.77,28.74,77.14,0.76,0.95,0.95,2.99,40960,-85,133
1438780342.71,28.73,77.12,0.76,0.95,0.94,2.99,40960,-85,134
1438780642.71,28.70,77.12,0.76,0.94,0.91,2.99,40960,-85,135
1438780942.75,28.66,77.27,0.76,0.94,0.91,2.99,40960,-85,136
1438781242.74,28.62,77.11,0.76,0.93,1.02,2.99,40960,-85,137
1438781542.72,28.56,77.10,0.76,0.94,0.91,2.99,40960,-86,138
1438781842.74,28.53,77.08,0.76,0.94,0.92,2.99,40960,-85,139
1438782142.69,28.54,77.02,0.76,0.94,1.03,2.99,40960,-86,140
1438782442.69,28.59,77.12,0.76,0.94,0.91,2.99,40960,-85,141
1438782742.72,28.60,77.30,0.76,0.95,0.92,2.99,40960,-86,142
1438783042.89,28.60,76.85,0.76,0.95,0.93,2.99,40960,-86,143
1438783342.69,28.60,76.85,0.76,0.94,0.92,2.99,40960,-85,144
1438783642.68,28.59,76.67,0.76,0.94,0.91,2.99,40960,-86,145
1438783942.73,28.60,76.69,0.76,0.95,0.92,2.99,40960,-86,146
1438784242.72,28.57,76.65,0.76,0.95,0.92,2.99,40960,-86,147
1438784542.70,28.56,77.05,0.76,0.95,0.94,2.99,40960,-86,148
1438784842.68,28.58,77.12,0.76,0.95,0.94,2.99,40960,-85,149
1438785142.99,28.57,77.18,0.76,0.91,0.93,2.99,40960,-86,150
1438785442.71,28.50,77.17,0.76,0.94,0.91,2.99,40960,-86,151
1438785742.72,28.47,77.20,0.76,0.95,0.92,2.99,40960,-86,152
1438786042.68,28.42,77.32,0.76,0.95,0.94,2.99,40960,-86,153
1438786342.65,28.40,77.16,0.76,0.95,0.93,2.99,40960,-85,154
1438786642.73,28.30,77.31,0.76,0.94,0.91,2.99,40960,-85,155
1438786942.71,28.30,77.15,0.76,0.95,0.92,2.99,40960,-85,156
1438787242.68,28.25,77.16,0.76,0.96,0.94,2.99,40960,-85,157
1438787542.63,28.22,77.20,0.76,0.95,0.93,2.99,40960,-85,158
1438787842.66,28.21,77.31,0.76,0.94,0.92,2.99,40960,-85,159
1438788142.70,28.21,77.46,0.76,0.95,0.92,2.98,40960,-85,160
1438788442.68,28.20,77.63,0.76,0.95,0.94,2.98,40960,-85,161
1438788742.68,28.18,77.74,0.76,0.95,0.93,2.98,40960,-85,162
1438789042.61,28.16,77.87,0.76,0.94,0.91,2.98,40960,-85,163
1438789342.64,28.16,77.95,0.76,0.94,0.91,2.99,40960,-85,164
1438789642.67,28.11,78.15,0.76,0.94,1.02,2.98,40960,-85,165
1438789942.62,28.12,78.25,0.76,0.94,0.91,2.98,40960,-85,166
1438790242.64,28.12,78.28,0.76,0.95,0.92,2.98,40960,-85,167
1438790542.66,28.09,78.44,0.76,0.96,0.95,2.98,40960,-85,168
1438790842.65,28.12,78.38,0.76,0.96,0.95,2.98,40960,-85,169
1438791142.64,28.16,78.48,0.76,0.96,0.95,2.98,40960,-85,170
1438791442.66,28.18,78.40,0.76,0.94,0.92,2.98,40960,-85,171
1438791742.65,28.21,78.44,0.76,0.94,0.91,2.98,40960,-85,172
1438792042.62,28.19,78.61,0.76,0.95,0.93,2.98,40960,-85,173
1438792342.61,28.20,78.68,0.76,0.95,0.92,2.98,40960,-85,174
1438792642.61,28.23,78.73,0.76,0.95,0.93,2.98,40960,-85,175
1438792942.63,28.24,78.83,0.76,0.94,0.92,2.98,40960,-85,176
1438793242.64,28.26,78.91,0.76,0.94,1.02,2.98,40960,-85,177
1438793542.74,28.32,79.00,0.76,0.94,1.03,2.98,40960,-85,178
1438793842.66,28.34,79.13,0.76,0.94,1.02,2.98,40960,-84,179
1438794142.64,28.38,79.15,0.76,0.94,1.03,2.98,40960,-85,180
1438794442.64,28.41,79.30,0.76,0.94,0.91,2.98,40960,-85,181
1438794742.61,28.45,79.26,0.76,0.94,0.91,2.98,40960,-85,182
1438795042.61,28.53,79.27,0.76,0.94,0.91,2.98,40960,-86,183
1438795342.58,28.54,79.22,0.76,0.95,0.92,2.98,40960,-85,184
1438795642.57,28.56,78.85,0.76,0.95,0.93,2.98,40960,-85,185
1438795942.59,28.57,78.63,0.76,0.95,0.93,2.98,40960,-85,186
1438796242.54,28.59,78.60,0.76,0.94,0.92,2.98,40960,-85,187
1438796542.58,28.59,78.31,0.76,0.94,0.90,2.98,40960,-85,188
1438796842.58,28.59,78.21,0.76,0.94,0.91,2.98,40960,-85,189
1438797142.56,28.61,77.83,0.76,0.94,0.91,2.98,40960,-85,190
1438797442.59,28.65,77.40,0.76,0.95,0.92,2.98,40960,-85,191
1438797742.54,28.67,76.57,0.76,0.95,0.92,2.98,40960,-85,192
1438798042.54,28.66,76.25,0.76,0.94,0.92,2.98,40960,-84,193
1438798342.58,28.69,76.11,0.76,0.93,1.02,2.98,40960,-85,194
1438798642.93,28.70,75.87,0.76,0.94,1.03,2.98,40960,-85,195
1438798942.59,28.67,75.58,0.76,0.94,0.91,2.98,40960,-85,196
1438799242.55,28.66,75.12,0.76,0.95,0.93,2.98,40960,-85,197
1438799542.56,28.66,75.18,0.76,0.94,0.91,2.98,40960,-85,198
1438799842.54,28.66,75.28,0.76,0.94,1.03,2.98,40960,-85,199
1438800142.54,28.70,75.44,0.76,0.94,0.91,2.98,40960,-85,200
1438800442.53,28.71,75.65,0.76,0.93,1.02,2.98,40960,-84,201
1438800742.54,28.75,75.72,0.76,0.94,1.03,2.98,40960,-85,202
1438801042.54,28.75,75.78,0.76,0.93,1.01,2.98,40960,-85,203
1438801342.55,28.78,75.80,0.76,0.93,1.02,2.97,40960,-85,204
1438801643.17,28.78,75.66,0.76,0.93,1.00,2.97,40960,-84,205
1438801942.53,28.78,75.85,0.76,0.93,1.01,2.97,40960,-84,206
1438802242.54,28.78,75.83,0.76,0.93,1.01,2.98,40960,-85,207
1438802542.53,28.80,75.88,0.76,0.93,1.02,2.97,40960,-85,208
1438802842.51,28.80,76.28,0.76,0.94,0.90,2.97,40960,-85,209
1438803142.53,28.86,76.24,0.76,0.94,1.03,2.97,40960,-85,210
1438803442.53,28.90,76.12,0.76,0.93,1.01,2.97,40960,-84,211
1438803742.55,28.92,75.82,0.76,0.93,1.01,2.96,40960,-84,212
1438804042.56,28.90,75.59,0.76,0.93,1.02,2.97,40960,-84,213
1438804342.54,28.90,75.59,0.76,0.94,1.03,2.97,40960,-84,214
1438804642.50,28.91,75.29,0.76,0.94,0.91,2.97,40960,-85,215
1438804942.52,28.86,75.27,0.76,0.94,0.91,2.97,40960,-84,216
1438805242.50,28.84,75.36,0.76,0.94,0.91,2.97,40960,-85,217
1438805542.51,28.81,75.47,0.76,0.93,1.02,2.97,40960,-85,218
1438805842.46,28.83,75.57,0.76,0.93,1.01,2.97,40960,-85,219
1438806142.50,28.83,75.74,0.76,0.93,1.01,2.97,40960,-85,220
1438806442.52,28.81,75.82,0.76,0.93,1.02,2.97,40960,-84,221
1438806742.49,28.82,75.95,0.76,0.94,0.91,2.97,40960,-84,222
1438807042.49,28.80,76.06,0.76,0.94,1.03,2.97,40960,-84,223
1438807342.49,28.81,76.22,0.76,0.93,1.01,2.97,40960,-84,224
1438807642.51,28.82,76.43,0.76,0.93,1.01,2.97,40960,-85,225
1438807942.45,28.86,76.43,0.76,0.94,1.02,2.97,40960,-84,226
1438808242.52,28.85,76.48,0.76,0.94,0.91,2.97,40960,-85,227
1438808542.48,28.84,76.78,0.76,0.94,0.92,2.97,40960,-85,228
1438808842.50,28.82,76.75,0.76,0.94,0.93,2.97,40960,-84,229
1438809142.50,28.81,76.70,0.76,0.94,0.93,2.97,40960,-84,230
1438809442.49,28.83,76.65,0.76,0.94,0.93,2.97,40960,-84,231
1438809742.45,28.84,76.67,0.75,0.93,1.02,2.97,40960,-84,232
1438810042.54,28.82,76.70,0.75,0.93,1.02,2.96,40960,-84,233
1438810342.46,28.82,76.59,0.75,0.94,1.03,2.97,40960,-85,234
1438810642.48,28.78,76.71,0.76,0.94,1.03,2.97,40960,-85,235
1438810942.46,28.78,76.55,0.76,0.94,1.03,2.97,40960,-84,236
1438811242.41,28.76,76.55,0.75,0.93,1.01,2.97,40960,-84,237
1438811542.46,28.75,76.88,0.75,0.92,0.99,2.97,40960,-85,238
1438811842.43,28.79,77.24,0.75,0.92,1.00,2.97,40960,-84,239
1438812143.06,28.82,77.47,0.76,0.93,1.01,2.97,40960,-84,240
1438812442.45,28.91,77.45,0.75,0.92,1.00,2.97,40960,-84,241
1438812742.44,28.94,77.58,0.75,0.93,1.01,2.97,40960,-84,242
1438813042.48,29.02,77.64,0.75,0.93,1.01,2.97,40960,-85,243
1438813342.43,29.10,77.47,0.75,0.92,0.99,2.97,40960,-84,244
1438813642.42,29.23,77.20,0.75,0.92,1.00,2.97,40960,-84,245
1438813942.45,29.32,76.87,0.75,0.93,1.01,2.97,40960,-84,246
1438814242.44,29.46,76.46,0.75,0.92,1.00,2.97,40960,-84,247
1438814542.43,29.59,76.01,0.75,0.92,0.98,2.97,40960,-84,248
1438814842.39,29.76,75.33,0.75,0.91,0.98,2.97,40960,-84,249
1438815142.41,29.97,74.67,0.75,0.91,0.97,2.97,40960,-84,250
1438815442.45,30.22,73.79,0.75,0.91,0.97,2.96,40960,-84,251
1438815742.40,30.46,73.01,0.75,0.91,0.96,2.96,40960,-84,252
1438816042.40,30.69,72.23,0.75,0.90,0.94,2.96,40960,-85,253
1438816342.40,30.98,71.43,0.75,0.90,0.95,2.96,40960,-84,254
1438816642.42,31.24,70.58,0.74,0.89,0.93,2.96,40960,-85,255
1438816942.37,31.40,69.69,0.74,0.90,0.94,2.96,40960,-85,0
1438817242.42,31.43,69.60,0.74,0.90,0.95,2.96,40960,-84,1
1438817542.37,31.52,69.06,0.74,0.89,0.93,2.96,40960,-84,2
1438817842.39,31.61,68.45,0.74,0.89,0.92,2.96,40960,-85,3
1438818142.40,31.82,67.57,0.74,0.88,0.91,2.96,40960,-84,4
1438818442.40,32.05,67.02,0.74,0.89,0.92,2.96,40960,-84,5
1438818742.37,32.30,66.36,0.74,0.88,0.90,2.96,40960,-85,6
1438819042.40,32.49,65.58,0.74,0.88,0.90,2.96,40960,-85,7
1438819342.37,32.69,64.55,0.74,0.87,0.89,2.96,40960,-84,8
1438819642.40,32.98,63.61,0.74,0.87,0.88,2.96,40960,-85,9
1438819942.41,33.52,62.97,0.73,0.86,0.87,2.96,40960,-84,10
1438820242.38,34.50,61.71,0.73,0.85,0.96,2.96,40960,-85,11
1438820542.47,35.36,59.38,0.73,0.83,0.92,2.96,40960,-86,12
1438820842.39,35.78,57.16,0.73,0.83,0.92,2.96,40960,-86,13
1438821142.33,35.94,57.19,0.72,0.83,0.91,2.96,40960,-85,14
1438821442.36,36.48,55.56,0.72,0.82,0.89,2.96,40960,-86,15
1438821742.36,37.25,53.80,0.72,0.81,0.87,2.96,40960,-87,16
1438822042.34,38.04,52.26,0.72,0.80,0.85,2.96,40960,-87,17
1438822342.39,38.85,50.01,0.71,0.78,0.81,2.96,40960,-87,18
1438822642.36,39.56,47.38,0.71,0.77,0.90,2.96,40960,-87,19
1438822942.43,40.22,47.39,0.71,0.75,0.86,2.96,40960,-87,20
1438823242.31,40.78,44.50,0.70,0.86,0.81,2.95,40960,-87,21
1438823542.38,41.01,44.31,0.70,0.86,0.81,2.96,40960,-87,22
1438823842.37,40.94,43.09,0.70,0.87,0.84,2.96,40960,-88,23
1438824142.39,40.79,43.26,0.70,0.88,0.85,2.96,40960,-87,24
1438824442.35,40.59,43.29,0.70,0.74,0.84,2.96,40960,-87,25
1438824742.39,40.36,43.66,0.70,0.76,0.87,2.96,40960,-88,26
1438825042.32,40.01,44.31,0.71,0.78,0.90,2.96,40960,-87,27
1438825342.36,39.85,44.77,0.71,0.76,0.88,2.96,40960,-88,28
1438825642.34,39.46,44.82,0.71,0.77,0.89,2.96,40960,-86,29
1438825942.36,38.98,44.84,0.71,0.78,0.80,2.95,40960,-86,30
1438826242.57,39.01,45.79,0.71,0.78,0.91,2.96,40960,-87,31
1438826542.30,39.44,45.48,0.71,0.77,0.89,2.96,40960,-87,32
1438826842.35,39.94,44.70,0.71,0.76,0.87,2.96,40960,-87,33
1438827142.33,40.79,44.91,0.70,0.74,0.84,2.96,40960,-87,34
1438827442.35,41.71,42.97,0.70,0.85,0.89,2.96,40960,-88,35
1438827742.38,42.23,41.00,0.70,0.84,0.87,2.96,40960,-88,36
1438828042.35,42.39,41.39,0.70,0.83,0.86,2.96,40960,-88,37
1438828342.34,42.19,40.68,0.70,0.85,0.89,2.96,40960,-88,38
