13120,2011-09-26 00:04:35,1601.87
13120,2011-09-26 00:09:35,1406.56
13120,2011-09-26 00:14:35,1876.11
13120,2011-09-26 00:19:35,1398.07
13120,2011-09-26 00:24:35,1349.12
13120,2011-09-26 00:29:36,1754.23
13120,2011-09-26 00:34:35,1875.61
13120,2011-09-26 00:39:35,1642.83
13120,2011-09-26 00:44:34,1528.45
13120,2011-09-26 00:49:34,1463.01
13120,2011-09-26 00:54:35,1373.6
13120,2011-09-26 00:59:34,1414.56
13120,2011-09-26 01:04:36,1875.11
13120,2011-09-26 01:09:34,1448.02
13120,2011-09-26 01:14:34,1447.52
13120,2011-09-26 01:19:35,1452.52
13120,2011-09-26 01:24:34,1877.1
13120,2011-09-26 01:29:34,1588.39
13120,2011-09-26 01:34:35,1473.0
13120,2011-09-26 01:39:34,1876.11
13120,2011-09-26 01:44:34,1880.6
13120,2011-09-26 01:49:34,1876.11
13120,2011-09-26 01:54:35,1875.11
13120,2011-09-26 01:59:34,1873.11
13120,2011-09-26 02:04:35,1875.61
13120,2011-09-26 02:09:34,1874.61
13120,2011-09-26 02:14:34,1875.11
13120,2011-09-26 02:19:34,1806.17
13120,2011-09-26 02:24:34,1731.25
13120,2011-09-26 02:29:34,1675.8
13120,2011-09-26 02:34:34,1667.81
13120,2011-09-26 02:39:34,1666.31
13120,2011-09-26 02:44:34,1691.29
13120,2011-09-26 02:49:36,1549.43
13120,2011-09-26 02:54:34,1489.48
13120,2011-09-26 02:59:34,1394.08
13120,2011-09-26 03:04:34,1386.58
13120,2011-09-26 03:09:34,1494.48
13120,2011-09-26 03:14:33,1566.91
13120,2011-09-26 03:19:34,1420.55
13120,2011-09-26 03:24:34,1282.69
13120,2011-09-26 03:29:34,1169.3
13120,2011-09-26 03:34:34,1158.31
13120,2011-09-26 03:39:33,1087.88
13120,2011-09-26 03:44:33,1463.51
13120,2011-09-26 03:49:33,1383.09
13120,2011-09-26 03:54:33,1256.21
13120,2011-09-26 03:59:33,1223.24
13120,2011-09-26 04:04:33,1750.73
13120,2011-09-26 04:09:33,1169.3
13120,2011-09-26 04:14:33,1082.88
13120,2011-09-26 04:19:33,1137.33
13120,2011-09-26 04:24:33,1264.7
13120,2011-09-26 04:29:33,1186.28
13120,2011-09-26 04:34:35,1876.11
13120,2011-09-26 04:39:33,1610.37
13120,2011-09-26 04:44:33,1470.0
13120,2011-09-26 04:49:33,1473.5
13120,2011-09-26 04:54:33,1423.05
13120,2011-09-26 04:59:33,1315.65
13120,2011-09-26 05:04:33,1155.81
13120,2011-09-26 05:09:33,1129.34
13120,2011-09-26 05:14:33,1119.85
13120,2011-09-26 05:19:33,1036.43
13120,2011-09-26 05:24:33,998.464
13120,2011-09-26 05:29:32,997.964
13120,2011-09-26 05:34:33,1022.44
13120,2011-09-26 05:39:34,958.003
13120,2011-09-26 05:44:32,968.493
13120,2011-09-26 05:49:33,939.521
13120,2011-09-26 05:54:33,941.02
13120,2011-09-26 05:59:33,870.589
13120,2011-09-26 06:04:32,842.616
13120,2011-09-26 06:09:32,888.571
13120,2011-09-26 06:14:33,815.143
13120,2011-09-26 06:19:33,828.63
13120,2011-09-26 06:24:33,827.131
13120,2011-09-26 06:29:32,808.15
13120,2011-09-26 06:34:32,806.152
13120,2011-09-26 06:39:32,797.161
13120,2011-09-26 06:44:32,769.688
13120,2011-09-26 06:49:32,791.666
13120,2011-09-26 06:54:33,1037.43
13120,2011-09-26 06:59:32,863.096
13120,2011-09-26 07:04:32,854.105
13120,2011-09-26 07:09:32,839.12
13120,2011-09-26 07:14:34,845.613
13120,2011-09-26 07:19:33,842.117
13120,2011-09-26 07:24:32,1313.66
13120,2011-09-26 07:29:33,1134.33
13120,2011-09-26 07:34:32,1052.91
13120,2011-09-26 07:39:33,1017.45
13120,2011-09-26 07:44:32,975.486
13120,2011-09-26 07:49:33,1559.92
13120,2011-09-26 07:54:32,1520.95
13120,2011-09-26 07:59:32,1401.07
13120,2011-09-26 08:04:32,1304.17
13120,2011-09-26 08:09:31,1254.21
13120,2011-09-26 08:14:31,1179.29
13120,2011-09-26 08:19:33,1103.36
13120,2011-09-26 08:24:31,1091.87
13120,2011-09-26 08:29:33,1082.88
13120,2011-09-26 08:34:32,1038.92
13120,2011-09-26 08:39:31,1049.41
13120,2011-09-26 08:44:32,1025.94
13120,2011-09-26 08:49:32,1000.46
13120,2011-09-26 08:54:31,1000.96
13120,2011-09-26 09:04:31,1309.16
13120,2011-09-26 09:09:31,1242.73
13120,2011-09-26 09:14:31,1882.1
13120,2011-09-26 09:19:31,1621.35
13120,2011-09-26 09:24:31,1460.01
13120,2011-09-26 09:29:31,1294.17
13120,2011-09-26 09:34:32,1264.7
13120,2011-09-26 09:39:31,1477.5
13120,2011-09-26 09:44:31,1874.61
13120,2011-09-26 09:49:31,1702.78
13120,2011-09-26 09:54:31,1532.44
13120,2011-09-26 09:59:31,1096.37
13120,2011-09-26 10:04:32,877.582
13120,2011-09-26 10:09:31,818.14
13120,2011-09-26 10:14:31,753.703
13120,2011-09-26 10:19:31,753.703
13120,2011-09-26 10:24:31,732.724
13120,2011-09-26 10:29:32,850.109
13120,2011-09-26 10:34:31,1218.25
13120,2011-09-26 10:39:31,1324.65
13120,2011-09-26 10:44:30,1667.31
13120,2011-09-26 10:49:31,1222.25
13120,2011-09-26 10:54:31,1309.16
13120,2011-09-26 10:59:31,1128.84
13120,2011-09-26 11:04:32,923.038
13120,2011-09-26 11:09:31,800.657
13120,2011-09-26 11:14:33,789.168
13120,2011-09-26 11:19:31,878.082
13120,2011-09-26 11:24:30,891.568
13120,2011-09-26 11:29:30,771.686
13120,2011-09-26 11:34:31,700.255
13120,2011-09-26 11:39:30,653.801
13120,2011-09-26 11:44:30,676.778
13120,2011-09-26 11:49:30,646.308
13120,2011-09-26 11:54:30,673.282
13120,2011-09-26 11:59:30,654.3
13120,2011-09-26 12:04:30,634.32
13120,2011-09-26 12:09:30,641.812
13120,2011-09-26 12:14:30,657.297
13120,2011-09-26 12:19:30,672.283
13120,2011-09-26 12:24:30,673.781
13120,2011-09-26 12:29:30,678.277
13120,2011-09-26 12:34:30,670.285
13120,2011-09-26 12:39:30,682.273
13120,2011-09-26 12:44:31,692.763
13120,2011-09-26 12:49:29,713.742
13120,2011-09-26 12:54:30,686.769
13120,2011-09-26 12:59:30,697.258
13120,2011-09-26 13:04:30,703.752
13120,2011-09-26 13:09:30,705.75
13120,2011-09-26 13:14:30,729.227
13120,2011-09-26 13:19:30,698.757
13120,2011-09-26 13:24:29,712.244
13120,2011-09-26 13:29:30,698.757
13120,2011-09-26 13:34:30,702.253
13120,2011-09-26 13:39:30,691.764
13120,2011-09-26 13:44:29,688.267
13120,2011-09-26 13:49:30,704.251
13120,2011-09-26 13:54:31,654.3
13120,2011-09-26 13:59:30,670.285
13120,2011-09-26 14:04:45,700.755
13120,2011-09-26 14:09:30,712.244
13120,2011-09-26 14:14:34,679.775
13120,2011-09-26 14:19:30,703.252
13120,2011-09-26 14:24:35,677.278
13120,2011-09-26 14:29:31,692.263
13120,2011-09-26 14:34:29,696.259
13120,2011-09-26 14:39:29,710.745
13120,2011-09-26 14:44:30,662.792
13120,2011-09-26 14:49:29,691.764
13120,2011-09-26 14:54:29,663.292
13120,2011-09-26 14:59:30,684.771
13120,2011-09-26 15:04:34,661.793
13120,2011-09-26 15:09:29,626.328
13120,2011-09-26 15:14:29,650.304
13120,2011-09-26 15:19:29,671.284
13120,2011-09-26 15:24:29,637.317
13120,2011-09-26 15:29:30,649.805
13120,2011-09-26 15:34:28,651.303
13120,2011-09-26 15:39:29,634.819
13120,2011-09-26 15:44:29,642.312
13120,2011-09-26 15:49:29,671.284
13120,2011-09-26 15:54:29,637.317
13120,2011-09-26 15:59:29,639.814
13120,2011-09-26 16:04:29,627.826
13120,2011-09-26 16:09:29,637.816
13120,2011-09-26 16:14:30,644.31
13120,2011-09-26 16:19:29,672.782
13120,2011-09-26 16:24:28,660.794
13120,2011-09-26 16:29:28,655.299
13120,2011-09-26 16:34:28,625.329
13120,2011-09-26 16:39:28,647.307
13120,2011-09-26 16:44:28,623.83
13120,2011-09-26 16:49:29,638.316
13120,2011-09-26 16:54:28,655.299
13120,2011-09-26 16:59:28,656.298
13120,2011-09-26 17:04:28,649.805
13120,2011-09-26 17:09:28,635.818
13120,2011-09-26 17:14:28,623.83
13120,2011-09-26 17:19:28,622.332
13120,2011-09-26 17:24:28,607.346
13120,2011-09-26 17:29:28,605.848
13120,2011-09-26 17:34:28,626.827
13120,2011-09-26 17:39:28,603.35
13120,2011-09-26 17:44:28,597.855
13120,2011-09-26 17:49:28,607.346
13120,2011-09-26 17:54:28,604.849
13120,2011-09-26 17:59:28,627.327
13120,2011-09-26 18:04:28,625.828
13120,2011-09-26 18:09:32,613.84
13120,2011-09-26 18:14:28,631.822
13120,2011-09-26 18:19:28,644.31
13120,2011-09-26 18:24:31,653.301
13120,2011-09-26 18:29:28,650.804
13120,2011-09-26 18:34:28,661.793
13120,2011-09-26 18:39:28,650.804
13120,2011-09-26 18:44:28,669.286
13120,2011-09-26 18:49:30,651.803
13120,2011-09-26 18:54:28,683.272
13120,2011-09-26 18:59:27,665.789
13120,2011-09-26 19:04:27,662.292
13120,2011-09-26 19:09:29,669.785
13120,2011-09-26 19:14:28,695.26
13120,2011-09-26 19:19:28,674.78
13120,2011-09-26 19:24:27,690.265
13120,2011-09-26 19:34:27,721.235
13120,2011-09-26 19:39:26,711.744
13120,2011-09-26 19:44:28,696.259
13120,2011-09-26 19:49:28,711.245
13120,2011-09-26 19:54:27,715.241
13120,2011-09-26 19:59:27,731.225
13120,2011-09-26 20:04:29,888.571
13120,2011-09-26 20:09:27,916.044
13120,2011-09-26 20:14:27,985.477
13120,2011-09-26 20:19:28,1010.45
13120,2011-09-26 20:24:27,1063.4
13120,2011-09-26 20:29:28,1264.7
13120,2011-09-26 20:34:29,1076.89
13120,2011-09-26 20:39:27,1005.96
13120,2011-09-26 20:44:28,1117.85
13120,2011-09-26 20:49:27,1252.22
13120,2011-09-26 20:54:27,1161.3
13120,2011-09-26 20:59:27,1122.34
13120,2011-09-26 21:04:27,1038.92
13120,2011-09-26 21:09:29,987.475
13120,2011-09-26 21:14:27,970.991
13120,2011-09-26 21:19:27,997.964
13120,2011-09-26 21:24:27,970.491
13120,2011-09-26 21:29:27,914.546
13120,2011-09-26 21:34:27,896.064
13120,2011-09-26 21:39:26,857.602
13120,2011-09-26 21:44:26,871.088
13120,2011-09-26 21:49:26,853.106
13120,2011-09-26 21:54:26,869.59
13120,2011-09-26 21:59:26,862.597
13120,2011-09-26 22:04:26,854.604
13120,2011-09-26 22:09:26,839.619
13120,2011-09-26 22:14:26,830.128
13120,2011-09-26 22:19:28,826.632
13120,2011-09-26 22:24:26,780.677
13120,2011-09-26 22:29:26,792.665
13120,2011-09-26 22:34:28,796.661
13120,2011-09-26 22:39:27,780.677
13120,2011-09-26 22:44:28,743.213
13120,2011-09-26 22:49:26,780.677
13120,2011-09-26 22:54:28,751.206
13120,2011-09-26 22:59:27,781.176
13120,2011-09-26 23:04:26,776.181
13120,2011-09-26 23:09:28,759.697
13120,2011-09-26 23:14:27,738.718
13120,2011-09-26 23:19:26,744.212
13120,2011-09-26 23:24:27,741.715
13120,2011-09-26 23:29:28,745.211
13120,2011-09-26 23:34:26,750.207
13120,2011-09-26 23:39:26,733.723
13120,2011-09-26 23:44:27,692.763
13120,2011-09-26 23:49:28,695.76
13120,2011-09-26 23:54:28,700.755
13120,2011-09-26 23:59:26,708.747
13120,2011-09-27 00:04:27,685.77
13120,2011-09-27 00:09:26,666.788
13120,2011-09-27 00:14:26,702.753
13120,2011-09-27 00:19:27,694.261
13120,2011-09-27 00:24:26,706.749
13120,2011-09-27 00:29:26,694.761
13120,2011-09-27 00:34:26,701.254
13120,2011-09-27 00:39:25,693.262
13120,2011-09-27 00:44:25,702.753
13120,2011-09-27 00:49:25,696.759
13120,2011-09-27 00:54:26,698.757
13120,2011-09-27 00:59:27,675.28
13120,2011-09-27 01:04:25,679.276
13120,2011-09-27 01:09:28,669.286
13120,2011-09-27 01:14:25,679.775
13120,2011-09-27 01:19:27,675.28
13120,2011-09-27 01:24:26,666.289
13120,2011-09-27 01:29:25,659.295
13120,2011-09-27 01:34:25,679.775
13120,2011-09-27 01:39:26,677.278
13120,2011-09-27 01:44:25,678.776
13120,2011-09-27 01:49:27,660.794
13120,2011-09-27 01:54:25,691.264
13120,2011-09-27 01:59:25,648.806
13120,2011-09-27 02:04:25,665.789
13120,2011-09-27 02:09:26,651.303
13120,2011-09-27 02:14:28,642.312
13120,2011-09-27 02:19:27,628.825
13120,2011-09-27 02:24:26,614.839
13120,2011-09-27 02:29:25,607.346
13120,2011-09-27 02:34:25,610.343
13120,2011-09-27 02:39:27,626.328
13120,2011-09-27 02:44:25,602.851
13120,2011-09-27 02:49:26,607.346
13120,2011-09-27 02:54:27,592.86
13120,2011-09-27 02:59:26,603.35
13120,2011-09-27 03:04:24,568.384
13120,2011-09-27 03:09:24,575.377
13120,2011-09-27 03:14:25,587.865
13120,2011-09-27 03:19:25,565.887
13120,2011-09-27 03:24:25,563.889
13120,2011-09-27 03:29:26,539.912
13120,2011-09-27 03:34:24,530.421
13120,2011-09-27 03:39:24,532.919
13120,2011-09-27 03:44:24,544.907
13120,2011-09-27 03:49:24,532.419
13120,2011-09-27 03:54:24,536.915
13120,2011-09-27 03:59:25,531.42
13120,2011-09-27 04:04:25,513.938
13120,2011-09-27 04:09:24,506.944
13120,2011-09-27 04:14:24,514.937
13120,2011-09-27 04:19:24,530.921
13120,2011-09-27 04:24:25,528.923
13120,2011-09-27 04:29:24,517.434
13120,2011-09-27 04:34:24,513.938
13120,2011-09-27 04:39:26,491.459
13120,2011-09-27 04:44:25,489.961
13120,2011-09-27 04:49:25,508.942
13120,2011-09-27 04:54:25,489.961
13120,2011-09-27 04:59:25,488.462
13120,2011-09-27 05:04:26,487.463
13120,2011-09-27 05:09:24,484.466
13120,2011-09-27 05:14:24,479.471
13120,2011-09-27 05:19:24,486.464
13120,2011-09-27 05:24:24,476.474
13120,2011-09-27 05:29:24,476.974
13120,2011-09-27 05:34:25,480.47
13120,2011-09-27 05:39:23,479.971
13120,2011-09-27 05:44:23,476.474
13120,2011-09-27 05:49:25,460.49
13120,2011-09-27 05:54:25,478.472
13120,2011-09-27 05:59:26,477.973
13120,2011-09-27 06:04:24,478.972
13120,2011-09-27 06:09:23,459.99
13120,2011-09-27 06:14:23,479.471
13120,2011-09-27 06:19:23,477.473
13120,2011-09-27 06:24:23,478.472
13120,2011-09-27 06:29:24,479.971
13120,2011-09-27 06:34:23,461.489
13120,2011-09-27 06:39:24,476.974
13120,2011-09-27 06:44:24,478.972
13120,2011-09-27 06:49:24,476.474
13120,2011-09-27 06:54:26,488.462
13120,2011-09-27 06:59:24,485.965
13120,2011-09-27 07:04:23,477.973
13120,2011-09-27 07:09:24,479.471
13120,2011-09-27 07:14:23,476.974
13120,2011-09-27 07:24:23,474.976
13120,2011-09-27 07:29:24,477.973
13120,2011-09-27 07:34:24,477.973
13120,2011-09-27 07:39:24,477.473
13120,2011-09-27 07:44:23,487.463
13120,2011-09-27 07:49:23,476.974
13120,2011-09-27 07:54:25,486.464
13120,2011-09-27 07:59:23,474.476
13120,2011-09-27 08:04:22,483.967
13120,2011-09-27 08:09:25,484.966
13120,2011-09-27 08:14:22,477.473
13120,2011-09-27 08:19:25,477.973
13120,2011-09-27 08:24:24,486.964
13120,2011-09-27 08:34:22,485.965
13120,2011-09-27 08:39:22,507.943
13120,2011-09-27 08:44:23,507.943
13120,2011-09-27 08:49:22,488.462
13120,2011-09-27 08:54:25,504.447
13120,2011-09-27 08:59:22,507.444
13120,2011-09-27 09:04:24,504.946
13120,2011-09-27 09:09:23,507.444
13120,2011-09-27 09:14:23,506.944
13120,2011-09-27 09:19:23,502.449
13120,2011-09-27 09:24:24,508.942
13120,2011-09-27 09:29:22,504.946
13120,2011-09-27 09:34:22,507.444
13120,2011-09-27 09:39:22,514.437
13120,2011-09-27 09:44:26,486.964
13120,2011-09-27 09:49:23,479.471
13120,2011-09-27 09:54:23,486.964
13120,2011-09-27 09:59:22,476.474
13120,2011-09-27 10:04:22,477.973
13120,2011-09-27 10:09:22,461.489
13120,2011-09-27 10:24:27,450.999
13120,2011-09-27 10:29:23,450.0
13120,2011-09-27 10:34:26,450.999
13120,2011-09-27 10:39:22,450.999
13120,2011-09-27 10:44:21,450.999
13120,2011-09-27 10:49:21,450.5
13120,2011-09-27 10:54:21,451.499
13120,2011-09-27 10:59:21,450.999
13120,2011-09-27 11:04:21,451.499
13120,2011-09-27 11:09:21,452.997
13120,2011-09-27 11:14:21,489.461
13120,2011-09-27 11:19:21,504.447
13120,2011-09-27 11:24:22,734.722
13120,2011-09-27 11:29:22,623.331
13120,2011-09-27 11:34:21,563.889
13120,2011-09-27 11:39:23,747.209
13120,2011-09-27 11:44:22,563.389
13120,2011-09-27 11:49:23,503.947
13120,2011-09-27 11:54:21,828.13
13120,2011-09-27 11:59:21,1218.75
13120,2011-09-27 12:04:22,889.57
13120,2011-09-27 12:09:22,740.716
13120,2011-09-27 12:14:22,685.27
13120,2011-09-27 12:19:21,573.879
13120,2011-09-27 12:24:21,544.408
13120,2011-09-27 12:29:22,512.439
13120,2011-09-27 12:34:21,507.943
13120,2011-09-27 12:39:22,459.99
13120,2011-09-27 12:44:21,451.499
13120,2011-09-27 12:49:24,459.99
13120,2011-09-27 12:54:21,508.942
13120,2011-09-27 12:59:22,531.42
13120,2011-09-27 13:04:22,1205.26
13120,2011-09-27 13:09:21,1427.54
13120,2011-09-27 13:14:22,984.977
13120,2011-09-27 13:19:21,712.743
13120,2011-09-27 13:24:24,655.299
13120,2011-09-27 13:29:20,528.923
13120,2011-09-27 13:34:21,613.84
13120,2011-09-27 13:39:20,1211.76
13120,2011-09-27 13:44:22,815.143
13120,2011-09-27 13:49:21,650.804
13120,2011-09-27 13:54:20,620.333
13120,2011-09-27 13:59:20,569.383
13120,2011-09-27 14:04:21,584.369
13120,2011-09-27 14:09:20,587.366
13120,2011-09-27 14:14:20,1043.92
13120,2011-09-27 14:19:20,1482.49
13120,2011-09-27 14:24:20,1092.87
13120,2011-09-27 14:29:20,822.636
13120,2011-09-27 14:34:20,712.743
13120,2011-09-27 14:39:20,1660.32
13120,2011-09-27 14:44:20,1465.51
13120,2011-09-27 15:47:03,1142.32
13120,2011-09-27 15:52:02,1136.83
13120,2011-09-27 15:57:03,1179.29
13120,2011-09-27 16:02:04,965.996
13120,2011-09-27 16:07:03,505.446
13120,2011-09-27 16:12:03,502.449
13120,2011-09-27 16:17:04,1233.73
13120,2011-09-27 16:22:02,506.445
13120,2011-09-27 16:27:02,451.499
13120,2011-09-27 16:32:04,691.764
13120,2011-09-27 16:42:02,460.49
13120,2011-09-27 16:47:01,480.47
13120,2011-09-27 16:52:02,514.937
13120,2011-09-27 16:57:01,787.67
13120,2011-09-27 17:02:01,566.386
13120,2011-09-27 17:07:03,595.857
13120,2011-09-27 17:12:03,505.945
13120,2011-09-27 17:22:01,890.07
13120,2011-09-27 17:27:03,624.33
13120,2011-09-27 17:32:02,654.3
13120,2011-09-27 17:37:01,615.338
13120,2011-09-27 17:42:01,1874.11
13120,2011-09-27 17:47:02,986.476
13120,2011-09-27 18:02:01,661.293
13120,2011-09-27 18:07:00,1875.11
13120,2011-09-27 18:12:02,660.794
13120,2011-09-27 18:17:01,616.837
13120,2011-09-27 18:27:02,1678.3
13120,2011-09-27 18:32:02,1750.73
13120,2011-09-27 18:37:01,1430.04
13120,2011-09-27 18:42:01,760.696
13120,2011-09-27 18:47:03,539.413
13120,2011-09-27 18:52:03,1191.77
13120,2011-09-27 18:57:00,853.605
13120,2011-09-27 19:02:08,778.179
13120,2011-09-27 19:07:00,841.617
13120,2011-09-27 19:12:05,1420.05
13120,2011-09-27 19:17:01,1808.17
13120,2011-09-27 19:22:08,1635.84
13120,2011-09-27 19:27:01,1438.03
13120,2011-09-27 19:31:59,1335.13
13120,2011-09-27 19:37:00,1275.19
13120,2011-09-27 19:42:01,1872.61
13120,2011-09-27 19:47:00,1593.88
13120,2011-09-27 19:52:00,1323.15
13120,2011-09-27 19:57:00,1874.11
13120,2011-09-27 20:02:01,1407.06
13120,2011-09-27 20:07:00,1875.11
13120,2011-09-27 20:12:00,1874.11
13120,2011-09-27 20:17:02,1875.11
13120,2011-09-27 20:22:01,1875.11
13120,2011-09-27 20:27:00,1789.19
13120,2011-09-27 20:32:00,1591.38
13120,2011-09-27 20:36:59,1476.5
13120,2011-09-27 20:42:00,1732.25
13120,2011-09-27 20:47:00,1417.55
13120,2011-09-27 20:52:00,1228.74
13120,2011-09-27 20:57:00,1112.35
13120,2011-09-27 21:02:00,1063.9
13120,2011-09-27 21:07:00,1000.96
13120,2011-09-27 21:12:00,923.537
13120,2011-09-27 21:16:59,901.559
13120,2011-09-27 21:21:59,875.084
13120,2011-09-27 21:27:00,852.107
13120,2011-09-27 21:32:00,1381.59
13120,2011-09-27 21:36:59,1069.39
13120,2011-09-27 21:41:59,930.53
13120,2011-09-27 21:46:59,871.088
13120,2011-09-27 21:52:00,1312.66
13120,2011-09-27 21:56:59,1071.89
13120,2011-09-27 22:01:58,926.534
13120,2011-09-27 22:07:00,871.588
13120,2011-09-27 22:12:01,783.174
13120,2011-09-27 22:16:59,754.203
13120,2011-09-27 22:21:59,680.275
13120,2011-09-27 22:26:58,568.884
13120,2011-09-27 22:32:00,658.796
13120,2011-09-27 22:36:59,586.866
13120,2011-09-27 22:41:58,515.436
13120,2011-09-27 22:47:00,603.35
13120,2011-09-27 22:51:59,614.839
13120,2011-09-27 22:56:58,672.283
13120,2011-09-27 23:01:59,563.889
13120,2011-09-27 23:06:59,506.944
13120,2011-09-27 23:11:58,477.973
13120,2011-09-27 23:16:59,478.972
13120,2011-09-27 23:21:59,479.971
13120,2011-09-27 23:26:58,480.47
13120,2011-09-27 23:31:58,479.971
13120,2011-09-27 23:37:01,516.935
13120,2011-09-27 23:42:01,538.414
13120,2011-09-27 23:46:59,487.963
13120,2011-09-27 23:51:58,486.964
13120,2011-09-27 23:56:59,776.181
13120,2011-09-28 00:01:57,661.293
13120,2011-09-28 00:06:58,657.297
13120,2011-09-28 00:11:58,559.393
13120,2011-09-28 00:16:58,636.817
13120,2011-09-28 00:21:58,1100.86
13120,2011-09-28 00:26:57,839.12
13120,2011-09-28 00:31:59,835.124
13120,2011-09-28 00:36:59,836.622
13120,2011-09-28 00:41:58,799.159
13120,2011-09-28 00:46:57,876.583
13120,2011-09-28 00:51:58,1333.14
13120,2011-09-28 00:56:56,1136.33
13120,2011-09-28 01:01:59,1023.94
13120,2011-09-28 01:06:58,1608.87
13120,2011-09-28 01:11:56,1271.7
13120,2011-09-28 01:16:58,1178.29
13120,2011-09-28 01:21:58,1143.32
13120,2011-09-28 01:26:58,1066.4
13120,2011-09-28 01:31:56,1020.94
13120,2011-09-28 01:36:57,1034.93
13120,2011-09-28 01:41:57,989.972
13120,2011-09-28 01:46:58,1001.96
13120,2011-09-28 01:51:57,975.486
13120,2011-09-28 01:56:57,1163.8
13120,2011-09-28 02:01:57,1076.39
13120,2011-09-28 02:06:57,995.467
13120,2011-09-28 02:11:58,974.487
13120,2011-09-28 02:16:57,958.503
13120,2011-09-28 02:21:59,939.022
13120,2011-09-28 02:26:56,907.053
13120,2011-09-28 02:31:57,942.019
13120,2011-09-28 02:36:58,902.058
13120,2011-09-28 02:41:57,907.053
13120,2011-09-28 02:46:57,880.579
13120,2011-09-28 02:51:56,1000.96
13120,2011-09-28 02:56:56,986.975
13120,2011-09-28 03:01:57,1510.46
13120,2011-09-28 03:06:57,1218.25
13120,2011-09-28 03:11:56,1187.28
13120,2011-09-28 03:16:57,1175.29
13120,2011-09-28 03:21:56,1123.34
13120,2011-09-28 03:26:57,1058.9
13120,2011-09-28 03:31:56,1001.96
13120,2011-09-28 03:36:57,954.007
13120,2011-09-28 03:41:56,962.499
13120,2011-09-28 03:46:56,908.552
13120,2011-09-28 03:51:55,907.053
13120,2011-09-28 03:56:56,855.604
13120,2011-09-28 04:01:55,851.607
13120,2011-09-28 04:06:56,855.104
13120,2011-09-28 04:11:56,827.131
13120,2011-09-28 04:16:56,1045.92
13120,2011-09-28 04:21:56,1225.74
13120,2011-09-28 04:26:56,1101.36
13120,2011-09-28 04:31:56,1053.41
13120,2011-09-28 04:36:59,954.007
13120,2011-09-28 04:41:55,916.544
13120,2011-09-28 04:46:55,888.571
13120,2011-09-28 04:51:55,915.045
13120,2011-09-28 04:56:56,858.101
13120,2011-09-28 05:01:56,816.642
13120,2011-09-28 05:06:55,764.193
13120,2011-09-28 05:11:55,795.163
13120,2011-09-28 05:16:55,749.208
13120,2011-09-28 05:26:56,787.17
13120,2011-09-28 05:31:55,798.659
13120,2011-09-28 05:36:55,754.203
13120,2011-09-28 05:41:56,795.163
13120,2011-09-28 05:46:55,799.159
13120,2011-09-28 05:51:55,994.967
13120,2011-09-28 05:56:55,945.516
13120,2011-09-28 06:01:55,882.577
13120,2011-09-28 06:06:57,837.122
13120,2011-09-28 06:11:55,1390.58
13120,2011-09-28 06:16:55,1066.9
13120,2011-09-28 06:21:56,977.984
13120,2011-09-28 06:26:55,975.486
13120,2011-09-28 06:31:54,877.582
13120,2011-09-28 06:36:55,843.615
13120,2011-09-28 06:41:55,835.623
13120,2011-09-28 06:46:54,818.64
13120,2011-09-28 06:51:54,825.133
13120,2011-09-28 06:56:54,1131.83
13120,2011-09-28 07:01:55,1021.44
13120,2011-09-28 07:06:55,937.523
13120,2011-09-28 07:16:55,858.601
13120,2011-09-28 07:21:54,846.113
13120,2011-09-28 07:26:54,845.114
13120,2011-09-28 07:31:55,821.137
13120,2011-09-28 07:36:54,801.656
13120,2011-09-28 07:41:54,1019.94
13120,2011-09-28 07:46:54,1039.92
13120,2011-09-28 07:51:54,1314.65
13120,2011-09-28 07:56:54,1188.28
13120,2011-09-28 08:01:54,1096.37
13120,2011-09-28 08:06:54,975.486
13120,2011-09-28 08:11:54,969.992
13120,2011-09-28 08:16:54,1043.42
13120,2011-09-28 08:21:54,1143.82
13120,2011-09-28 08:26:53,1052.41
13120,2011-09-28 08:31:54,997.465
13120,2011-09-28 08:36:54,962.999
13120,2011-09-28 08:41:54,896.064
13120,2011-09-28 08:46:52,831.127
13120,2011-09-28 08:51:54,820.138
13120,2011-09-28 08:56:54,795.163
13120,2011-09-28 09:01:54,799.159
13120,2011-09-28 09:06:53,784.673
13120,2011-09-28 09:11:53,777.18
13120,2011-09-28 09:16:53,758.199
13120,2011-09-28 09:21:53,750.706
13120,2011-09-28 09:26:54,748.208
13120,2011-09-28 09:31:56,769.188
13120,2011-09-28 09:36:56,1338.63
13120,2011-09-28 09:41:54,1130.83
13120,2011-09-28 09:46:56,1038.92
13120,2011-09-28 09:51:54,936.524
13120,2011-09-28 09:56:56,922.538
13120,2011-09-28 10:01:53,860.599
13120,2011-09-28 10:06:53,856.603
13120,2011-09-28 10:11:53,838.121
13120,2011-09-28 10:16:52,795.662
13120,2011-09-28 10:21:51,782.175
13120,2011-09-28 10:26:52,771.686
13120,2011-09-28 10:31:52,754.203
13120,2011-09-28 10:36:52,777.68
13120,2011-09-28 10:41:52,746.21
13120,2011-09-28 10:46:53,764.692
13120,2011-09-28 10:51:52,748.208
13120,2011-09-28 10:56:51,1250.22
13120,2011-09-28 11:01:52,980.981
13120,2011-09-28 11:06:52,904.556
13120,2011-09-28 11:11:51,858.601
13120,2011-09-28 11:16:51,901.059
13120,2011-09-28 11:21:53,840.618
13120,2011-09-28 11:26:52,746.71
13120,2011-09-28 11:31:52,1702.78
13120,2011-09-28 11:36:54,779.678
13120,2011-09-28 11:41:53,744.712
13120,2011-09-28 11:46:53,773.184
13120,2011-09-28 11:51:51,674.281
13120,2011-09-28 11:56:51,655.299
13120,2011-09-28 12:01:53,530.421
13120,2011-09-28 12:06:52,1220.75
13120,2011-09-28 12:11:53,868.591
13120,2011-09-28 12:16:54,1521.45
13120,2011-09-28 12:21:52,1178.79
13120,2011-09-28 12:26:51,869.09
13120,2011-09-28 12:31:52,665.789
13120,2011-09-28 12:36:50,643.311
13120,2011-09-28 12:41:52,603.35
13120,2011-09-28 12:46:51,558.394
13120,2011-09-28 12:51:52,527.424
13120,2011-09-28 12:56:52,451.499
13120,2011-09-28 13:01:53,460.989
13120,2011-09-28 13:06:50,489.961
13120,2011-09-28 13:11:51,490.46
13120,2011-09-28 13:16:51,876.583
13120,2011-09-28 13:21:51,584.868
13120,2011-09-28 13:26:51,584.868
13120,2011-09-28 13:31:51,505.945
13120,2011-09-28 13:36:51,533.918
13120,2011-09-28 13:41:51,586.367
13120,2011-09-28 13:46:50,501.45
13120,2011-09-28 13:51:51,519.432
13120,2011-09-28 13:56:51,536.915
13120,2011-09-28 14:01:52,513.938
13120,2011-09-28 14:06:51,485.465
13120,2011-09-28 14:11:51,459.99
13120,2011-09-28 14:16:50,519.432
13120,2011-09-28 14:21:51,486.964
13120,2011-09-28 14:26:51,532.919
13120,2011-09-28 14:31:51,459.491
13120,2011-09-28 14:36:51,538.414
13120,2011-09-28 14:41:51,567.885
13120,2011-09-28 14:46:51,508.942
13120,2011-09-28 14:51:50,548.903
13120,2011-09-28 14:56:50,1111.85
13120,2011-09-28 15:01:50,969.492
13120,2011-09-28 15:06:51,571.381
13120,2011-09-28 15:11:50,752.205
13120,2011-09-28 15:16:51,779.178
13120,2011-09-28 15:21:50,673.781
13120,2011-09-28 15:26:50,663.791
13120,2011-09-28 15:31:50,726.729
13120,2011-09-28 15:36:49,634.32
13120,2011-09-28 15:41:50,617.836
13120,2011-09-28 15:46:49,610.843
13120,2011-09-28 15:51:50,930.53
13120,2011-09-28 15:56:51,649.805
13120,2011-09-28 16:01:50,514.937
13120,2011-09-28 16:06:48,1036.93
13120,2011-09-28 16:11:50,812.146
13120,2011-09-28 16:16:50,629.325
13120,2011-09-28 16:21:50,619.334
13120,2011-09-28 16:26:50,674.281
13120,2011-09-28 16:31:52,664.79
13120,2011-09-28 16:36:50,656.298
13120,2011-09-28 16:41:48,656.298
13120,2011-09-28 16:46:48,664.291
13120,2011-09-28 16:51:49,858.601
13120,2011-09-28 16:56:49,656.298
13120,2011-09-28 17:01:50,519.932
13120,2011-09-28 17:06:51,652.802
13120,2011-09-28 17:11:48,539.912
13120,2011-09-28 17:16:49,515.936
13120,2011-09-28 17:21:48,1628.35
13120,2011-09-28 17:26:49,1227.74
13120,2011-09-28 17:31:50,825.133
13120,2011-09-28 17:36:48,1386.58
13120,2011-09-28 17:41:50,831.127
13120,2011-09-28 17:46:50,602.351
13120,2011-09-28 17:51:48,738.718
13120,2011-09-28 17:56:49,864.595
13120,2011-09-28 18:01:49,529.922
13120,2011-09-28 18:06:49,545.407
13120,2011-09-28 18:11:49,622.332
13120,2011-09-28 18:16:48,1876.11
13120,2011-09-28 18:21:48,838.121
13120,2011-09-28 18:26:49,1874.61
13120,2011-09-28 18:31:51,909.051
13120,2011-09-28 18:36:47,1027.44
13120,2011-09-28 18:41:48,702.253
13120,2011-09-28 18:46:49,511.939
13120,2011-09-28 18:51:48,1745.23
13120,2011-09-28 18:56:47,891.568
13120,2011-09-28 19:01:48,640.813
13120,2011-09-28 19:06:47,1873.61
13120,2011-09-28 19:11:48,984.977
13120,2011-09-28 19:16:48,1129.84
13120,2011-09-28 19:21:48,1089.38
13120,2011-09-28 19:26:49,1454.52
13120,2011-09-28 19:31:47,1354.12
13120,2011-09-28 19:36:48,1188.78
13120,2011-09-28 19:41:49,906.554
13120,2011-09-28 19:46:48,790.167
13120,2011-09-28 19:51:48,869.59
13120,2011-09-28 19:56:48,865.094
13120,2011-09-28 20:01:48,591.861
13120,2011-09-28 20:06:48,580.373
13120,2011-09-28 20:11:48,644.81
13120,2011-09-28 20:16:47,747.709
13120,2011-09-28 20:21:48,775.682
13120,2011-09-28 20:26:48,754.702
13120,2011-09-28 20:31:47,710.745
13120,2011-09-28 20:36:47,756.201
13120,2011-09-28 20:41:47,610.343
13120,2011-09-28 20:46:48,512.439
13120,2011-09-28 20:51:48,573.879
13120,2011-09-28 20:56:47,489.961
13120,2011-09-28 21:01:47,460.989
13120,2011-09-28 21:06:47,478.972
13120,2011-09-28 21:11:46,460.989
13120,2011-09-28 21:16:47,609.844
13120,2011-09-28 21:21:47,563.389
13120,2011-09-28 21:26:47,951.51
13120,2011-09-28 21:31:47,667.787
13120,2011-09-28 21:36:47,667.288
13120,2011-09-28 21:41:46,984.977
13120,2011-09-28 21:46:47,683.771
13120,2011-09-28 21:51:46,959.002
13120,2011-09-28 21:56:50,895.564
13120,2011-09-28 22:01:47,686.269
13120,2011-09-28 22:06:47,622.831
13120,2011-09-28 22:11:46,932.528
13120,2011-09-28 22:16:46,714.242
13120,2011-09-28 22:21:46,688.267
13120,2011-09-28 22:26:47,615.838
13120,2011-09-28 22:31:46,565.887
13120,2011-09-28 22:36:46,509.442
13120,2011-09-28 22:41:47,618.835
13120,2011-09-28 22:46:46,761.196
13120,2011-09-28 22:51:45,1352.62
13120,2011-09-28 22:56:47,783.174
13120,2011-09-28 23:01:47,1101.36
13120,2011-09-28 23:06:46,555.397
13120,2011-09-28 23:11:47,614.339
13120,2011-09-28 23:16:46,1259.71
13120,2011-09-28 23:21:46,588.864
13120,2011-09-28 23:26:46,596.357
13120,2011-09-28 23:31:46,1101.36
13120,2011-09-28 23:36:46,704.751
13120,2011-09-28 23:41:46,518.933
13120,2011-09-28 23:46:46,477.973
13120,2011-09-28 23:51:46,487.463
13120,2011-09-28 23:56:46,570.882
13120,2011-09-29 00:01:45,911.549
13120,2011-09-29 00:06:45,797.66
13120,2011-09-29 00:11:46,563.889
13120,2011-09-29 00:16:46,640.314
13120,2011-09-29 00:21:46,573.379
13120,2011-09-29 00:26:45,504.946
13120,2011-09-29 00:31:46,508.443
13120,2011-09-29 00:36:45,544.408
13120,2011-09-29 00:41:45,1023.94
13120,2011-09-29 00:46:44,817.141
13120,2011-09-29 00:51:45,1015.45
13120,2011-09-29 00:56:45,762.694
13120,2011-09-29 01:01:44,724.731
13120,2011-09-29 01:06:44,944.517
13120,2011-09-29 01:11:45,1874.61
13120,2011-09-29 01:16:45,1876.61
13120,2011-09-29 01:21:46,1874.11
13120,2011-09-29 01:26:44,1827.15
13120,2011-09-29 01:31:45,1690.29
13120,2011-09-29 01:36:45,1875.11
13120,2011-09-29 01:41:44,1874.61
13120,2011-09-29 01:46:45,1874.61
13120,2011-09-29 01:51:44,1665.31
13120,2011-09-29 01:56:45,1876.11
13120,2011-09-29 02:01:44,1756.72
13120,2011-09-29 02:06:44,1696.78
13120,2011-09-29 02:11:44,1658.32
13120,2011-09-29 02:16:44,1491.48
13120,2011-09-29 02:21:44,1426.55
13120,2011-09-29 02:26:45,1404.57
13120,2011-09-29 02:31:44,1363.11
13120,2011-09-29 02:36:44,1304.17
13120,2011-09-29 02:41:45,1201.27
13120,2011-09-29 02:46:43,1114.35
13120,2011-09-29 02:51:45,1097.87
13120,2011-09-29 02:56:44,1019.94
13120,2011-09-29 03:01:50,1032.93
13120,2011-09-29 03:06:42,1010.45
13120,2011-09-29 03:11:45,972.989
13120,2011-09-29 03:16:44,934.526
13120,2011-09-29 03:21:44,952.509
13120,2011-09-29 03:26:44,932.528
13120,2011-09-29 03:31:43,954.007
13120,2011-09-29 03:36:44,867.592
13120,2011-09-29 03:41:42,902.558
13120,2011-09-29 03:46:44,860.599
13120,2011-09-29 03:51:45,735.221
13120,2011-09-29 03:56:44,1130.33
13120,2011-09-29 04:01:43,1225.74
13120,2011-09-29 04:06:43,1146.32
13120,2011-09-29 04:11:45,1065.4
13120,2011-09-29 04:16:43,1299.67
13120,2011-09-29 04:21:44,1115.35
13120,2011-09-29 04:26:43,1057.41
13120,2011-09-29 04:31:45,912.048
13120,2011-09-29 04:36:43,976.485
13120,2011-09-29 04:41:43,974.987
13120,2011-09-29 04:46:43,943.018
13120,2011-09-29 04:51:43,1638.34
13120,2011-09-29 04:56:44,1185.28
13120,2011-09-29 05:01:44,1141.32
13120,2011-09-29 05:06:44,1029.43
13120,2011-09-29 05:11:43,1038.42
13120,2011-09-29 05:16:43,979.482
13120,2011-09-29 05:21:43,1002.46
13120,2011-09-29 05:31:44,1415.06
13120,2011-09-29 05:36:43,1323.15
13120,2011-09-29 05:41:42,1290.68
13120,2011-09-29 05:46:42,1199.77
13120,2011-09-29 05:51:43,1255.71
13120,2011-09-29 05:56:43,1188.78
13120,2011-09-29 06:01:43,1246.22
13120,2011-09-29 06:06:43,1773.71
13120,2011-09-29 06:11:42,1595.38
13120,2011-09-29 06:16:44,1379.09
13120,2011-09-29 06:21:42,1279.19
13120,2011-09-29 06:26:42,1240.23
13120,2011-09-29 06:31:41,1181.29
13120,2011-09-29 06:36:43,1154.31
13120,2011-09-29 06:41:42,1236.73
13120,2011-09-29 06:46:42,1251.22
13120,2011-09-29 06:51:42,1234.23
13120,2011-09-29 06:56:43,1879.6
13120,2011-09-29 07:01:42,1877.6
13120,2011-09-29 07:06:44,1843.14
13120,2011-09-29 07:11:42,1633.34
13120,2011-09-29 07:16:42,1521.45
13120,2011-09-29 07:26:42,1391.08
13120,2011-09-29 07:31:44,1344.63
13120,2011-09-29 07:36:41,1356.11
13120,2011-09-29 07:41:41,1320.15
13120,2011-09-29 07:46:41,1344.13
13120,2011-09-29 07:51:41,1244.22
13120,2011-09-29 07:56:41,1254.21
13120,2011-09-29 08:01:42,1275.19
13120,2011-09-29 08:06:45,1339.63
13120,2011-09-29 08:11:43,1330.14
13120,2011-09-29 08:16:42,1370.1
13120,2011-09-29 08:21:42,1485.99
13120,2011-09-29 08:26:41,1876.11
13120,2011-09-29 08:31:41,1875.11
13120,2011-09-29 08:36:41,1873.61
13120,2011-09-29 08:41:41,1875.11
13120,2011-09-29 08:46:41,1874.61
13120,2011-09-29 08:51:41,1874.61
13120,2011-09-29 08:56:41,1831.65
13120,2011-09-29 09:01:41,1757.72
13120,2011-09-29 09:06:40,1653.82
13120,2011-09-29 09:11:42,1619.86
13120,2011-09-29 09:16:42,1580.89
13120,2011-09-29 09:21:41,1524.45
13120,2011-09-29 09:26:40,1554.42
13120,2011-09-29 09:31:41,1874.11
13120,2011-09-29 09:36:40,1874.11
13120,2011-09-29 09:41:41,1874.61
13120,2011-09-29 09:46:40,1875.61
13120,2011-09-29 09:51:43,1874.61
13120,2011-09-29 09:56:41,1876.61
13120,2011-09-29 10:01:41,1874.11
13120,2011-09-29 10:06:40,1873.11
13120,2011-09-29 10:11:40,1874.11
13120,2011-09-29 10:16:40,1874.61
13120,2011-09-29 10:21:40,1874.11
13120,2011-09-29 10:26:40,1876.61
13120,2011-09-29 10:31:40,1875.61
13120,2011-09-29 10:36:41,1875.61
13120,2011-09-29 10:41:42,1874.11
13120,2011-09-29 10:46:45,1874.61
13120,2011-09-29 10:51:41,1875.11
13120,2011-09-29 10:56:41,1875.61
13120,2011-09-29 11:01:39,1874.61
13120,2011-09-29 11:06:39,1875.11
13120,2011-09-29 11:11:39,1876.11
13120,2011-09-29 11:16:39,1876.11
13120,2011-09-29 11:21:40,1876.11
13120,2011-09-29 11:26:40,1873.61
13120,2011-09-29 11:31:40,1875.11
13120,2011-09-29 11:36:39,1875.11
13120,2011-09-29 11:41:40,1855.63
13120,2011-09-29 11:46:41,1874.61
13120,2011-09-29 11:56:40,1875.61
13120,2011-09-29 12:01:43,1874.61
13120,2011-09-29 12:06:39,1875.61
13120,2011-09-29 12:11:39,1875.61
13120,2011-09-29 12:16:41,1875.61
13120,2011-09-29 12:21:38,1876.61
13120,2011-09-29 12:26:39,1875.61
13120,2011-09-29 12:31:40,1875.11
13120,2011-09-29 12:36:41,1875.11
13120,2011-09-29 12:41:38,1874.61
13120,2011-09-29 12:46:41,1875.11
13120,2011-09-29 12:51:40,1858.62
13120,2011-09-29 12:56:40,1697.78
13120,2011-09-29 13:01:38,1471.0
13120,2011-09-29 13:06:39,1460.51
13120,2011-09-29 13:11:39,1342.63
13120,2011-09-29 13:16:40,1313.16
13120,2011-09-29 13:21:38,1219.75
13120,2011-09-29 13:26:39,1189.78
13120,2011-09-29 13:31:38,1875.11
13120,2011-09-29 13:36:41,1637.34
13120,2011-09-29 13:41:41,1391.58
13120,2011-09-29 13:46:38,1274.19
13120,2011-09-29 13:51:39,1874.61
13120,2011-09-29 13:56:41,1610.37
13120,2011-09-29 14:01:40,1460.51
13120,2011-09-29 14:06:41,1308.16
13120,2011-09-29 14:11:39,1208.76
13120,2011-09-29 14:16:38,1131.33
13120,2011-09-29 14:21:41,1050.41
13120,2011-09-29 14:26:39,986.975
13120,2011-09-29 14:31:39,969.992
13120,2011-09-29 14:36:40,916.544
13120,2011-09-29 14:41:46,873.586
13120,2011-09-29 14:46:43,877.582
13120,2011-09-29 14:51:48,806.152
13120,2011-09-29 14:56:38,755.701
13120,2011-09-29 15:01:39,800.657
13120,2011-09-29 15:06:39,761.196
13120,2011-09-29 15:11:37,1522.45
13120,2011-09-29 15:16:38,1411.06
13120,2011-09-29 15:21:39,1295.17
13120,2011-09-29 15:26:41,1028.93
13120,2011-09-29 15:31:39,565.387
13120,2011-09-29 15:36:39,652.802
13120,2011-09-29 15:41:37,517.434
13120,2011-09-29 15:51:38,801.157
13120,2011-09-29 15:56:38,542.909
13120,2011-09-29 16:01:38,1024.44
13120,2011-09-29 16:06:38,795.163
13120,2011-09-29 16:16:37,461.988
13120,2011-09-29 16:21:38,632.821
13120,2011-09-29 16:31:37,519.932
13120,2011-09-29 16:36:38,516.435
13120,2011-09-29 16:41:36,519.432
13120,2011-09-29 16:46:36,450.999
13120,2011-09-29 16:51:38,451.499
13120,2011-09-29 16:56:38,624.33
13120,2011-09-29 17:01:37,488.962
13120,2011-09-29 17:06:36,1874.61
13120,2011-09-29 17:11:37,1118.85
13120,2011-09-29 17:16:36,907.053
13120,2011-09-29 17:21:38,756.7
13120,2011-09-29 17:26:37,1875.61
13120,2011-09-29 17:31:36,1120.34
13120,2011-09-29 17:36:38,993.968
13120,2011-09-29 17:41:37,761.695
13120,2011-09-29 17:46:36,763.693
13120,2011-09-29 17:51:39,771.686
13120,2011-09-29 17:56:38,670.285
13120,2011-09-29 18:01:36,559.893
13120,2011-09-29 18:06:38,589.863
13120,2011-09-29 18:16:38,1874.61
13120,2011-09-29 18:21:38,1241.23
13120,2011-09-29 18:26:36,979.482
13120,2011-09-29 18:31:37,798.659
13120,2011-09-29 18:36:36,1874.11
13120,2011-09-29 18:41:36,1375.1
13120,2011-09-29 18:46:36,878.082
13120,2011-09-29 18:56:36,796.661
13120,2011-09-29 19:01:36,855.104
13120,2011-09-29 19:06:37,1876.11
13120,2011-09-29 19:11:36,1269.7
13120,2011-09-29 19:16:36,1807.67
13120,2011-09-29 19:21:39,1884.1
13120,2011-09-29 19:31:35,658.796
13120,2011-09-29 19:36:37,672.782
13120,2011-09-29 19:41:36,1377.09
13120,2011-09-29 19:46:36,1083.38
13120,2011-09-29 19:51:37,834.125
13120,2011-09-29 20:01:37,835.623
13120,2011-09-29 20:06:35,1615.86
13120,2011-09-29 20:11:36,817.141
13120,2011-09-29 20:16:40,708.747
13120,2011-09-29 20:21:35,912.048
13120,2011-09-29 20:26:35,689.766
13120,2011-09-29 20:31:35,613.34
13120,2011-09-29 20:36:38,931.529
13120,2011-09-29 20:41:34,722.733
13120,2011-09-29 20:51:36,742.214
13120,2011-09-29 20:56:36,1526.45
13120,2011-09-29 21:01:34,902.058
13120,2011-09-29 21:06:37,776.681
13120,2011-09-29 21:11:35,752.704
13120,2011-09-29 21:16:36,805.652
13120,2011-09-29 21:21:36,649.805
13120,2011-09-29 21:26:34,991.471
13120,2011-09-29 21:31:36,1017.45
13120,2011-09-29 21:36:35,951.51
13120,2011-09-29 21:41:35,929.531
13120,2011-09-29 21:46:34,873.586
13120,2011-09-29 21:51:34,802.655
13120,2011-09-29 21:56:34,889.57
13120,2011-09-29 22:01:36,906.554
13120,2011-09-29 22:11:36,937.024
13120,2011-09-29 22:16:33,963.498
13120,2011-09-29 22:21:33,921.04
13120,2011-09-29 22:26:35,879.081
13120,2011-09-29 22:36:34,902.558
13120,2011-09-29 22:41:35,896.064
13120,2011-09-29 22:46:34,878.581
13120,2011-09-29 22:51:35,861.598
13120,2011-09-29 22:56:33,853.106
13120,2011-09-29 23:01:34,843.116
13120,2011-09-29 23:06:35,833.125
13120,2011-09-29 23:11:35,866.593
13120,2011-09-29 23:21:33,1876.11
13120,2011-09-29 23:26:33,1559.42
13120,2011-09-29 23:31:33,1332.64
13120,2011-09-29 23:36:34,1221.25
13120,2011-09-29 23:41:35,1301.67
13120,2011-09-29 23:46:34,1742.74
13120,2011-09-29 23:51:33,1500.97
13120,2011-09-29 23:56:33,1384.09
